ticker,label,quarter,period_start,patent_filing_count,patent_incomplete,fiscal_period_end,revenue,revenue_yoy_growth,gross_margin,operating_margin,revenue_is_derived_q4,revenue_knowable_at,gross_margin_knowable_at,operating_margin_knowable_at
NVDA,NVIDIA,2009Q1,2009-01-01,20,False,2009-04-26,664231000.0,,0.28558739354230683,-0.34771788730125514,False,2010-05-21,2010-05-21,2010-05-21
NVDA,NVIDIA,2009Q2,2009-04-01,33,False,2009-07-26,776520000.0,-0.13012111897261713,0.2018273837119456,-0.14179544635038377,False,2009-08-20,2009-08-20,2009-08-20
NVDA,NVIDIA,2009Q3,2009-07-01,37,False,2009-10-25,903206000.0,0.006183890247366763,0.43376926194024396,0.1194024397535003,False,2009-11-19,2009-11-19,2009-11-19
NVDA,NVIDIA,2009Q4,2009-10-01,99,False,2010-01-31,982488000.0,,0.4465408228904577,0.13667546066720407,True,2010-05-21,2010-05-21,2010-05-21
NVDA,NVIDIA,2010Q1,2010-01-01,15,False,2010-05-02,1001813000.0,0.5082298176387432,0.4555510858812972,0.147126260090456,False,2010-05-21,2010-05-21,2010-05-21
NVDA,NVIDIA,2010Q2,2010-04-01,31,False,2010-07-31,811208000.0,0.04467109668778657,0.16554570467746865,-0.21598283054407746,False,2010-08-30,2010-08-30,2010-08-30
NVDA,NVIDIA,2010Q3,2010-07-01,45,False,2010-10-31,843912000.0,-0.06564836814635866,0.46457687531401376,0.12297846220932988,False,2010-12-07,2010-12-07,2010-12-07
NVDA,NVIDIA,2010Q4,2010-10-01,27,False,2011-01-30,886376000.0,-0.09782511338560873,0.48101370073196925,0.20282363240881973,True,2011-03-16,2011-03-16,2011-03-16
NVDA,NVIDIA,2011Q1,2011-01-01,34,False,2011-05-01,962039000.0,-0.03970202023730973,0.5036209550756259,0.16097268405958595,False,2011-05-27,2011-05-27,2011-05-27
NVDA,NVIDIA,2011Q2,2011-04-01,49,False,2011-07-31,1016517000.0,0.25309045275687625,0.5167488590943388,0.17120225239715617,False,2011-08-25,2011-08-25,2011-08-25
NVDA,NVIDIA,2011Q3,2011-07-01,38,False,2011-10-30,1066180000.0,0.26337817213169146,0.5221604231930819,0.18485621564838958,False,2011-11-22,2011-11-22,2011-11-22
NVDA,NVIDIA,2011Q4,2011-10-01,49,False,2012-01-29,953194000.0,0.07538335875520086,0.5140747843565948,0.12832330039844983,True,2012-03-13,2012-03-13,2012-03-13
NVDA,NVIDIA,2012Q1,2012-01-01,56,False,2012-04-29,924877000.0,-0.0386283716148722,0.5010006736030845,0.07874128127307739,False,2012-05-23,2012-05-23,2012-05-23
NVDA,NVIDIA,2012Q2,2012-04-01,64,False,2012-07-29,1044270000.0,0.02730205200700042,0.5177961638273627,0.1337039271452785,False,2012-08-22,2012-08-22,2012-08-22
NVDA,NVIDIA,2012Q3,2012-07-01,92,False,2012-10-28,1204110000.0,0.12936839933219524,0.52873740771192,0.209463421116011,False,2012-11-19,2012-11-19,2012-11-19
NVDA,NVIDIA,2012Q4,2012-10-01,287,False,2013-01-27,1106902000.0,0.16125573597819542,0.5290459317988404,0.16584395005158542,True,2013-03-12,2013-03-12,2013-03-12
NVDA,NVIDIA,2013Q1,2013-01-01,146,False,2013-04-28,954739000.0,0.032287536612976675,0.5431515838360013,0.08670537183460611,False,2013-05-22,2013-05-22,2013-05-22
NVDA,NVIDIA,2013Q2,2013-04-01,157,False,2013-07-28,977238000.0,-0.06419029561320344,0.5582447673954554,0.10799211655707207,False,2013-08-21,2013-08-21,2013-08-21
NVDA,NVIDIA,2013Q3,2013-07-01,171,False,2013-10-27,1053967000.0,-0.1246920962370548,0.5544907952526028,0.13376889409250953,False,2013-11-19,2013-11-19,2013-11-19
NVDA,NVIDIA,2013Q4,2013-10-01,143,False,2014-01-26,1144218000.0,0.03371210820831472,0.541192325238722,0.14588478768905924,True,2014-03-13,2014-03-13,2014-03-13
NVDA,NVIDIA,2014Q1,2014-01-01,129,False,2014-04-27,1102787000.0,0.15506646319046347,0.5478864005469778,0.13725134590814,False,2014-05-21,2014-05-21,2014-05-21
NVDA,NVIDIA,2014Q2,2014-04-01,12,False,2014-07-27,1102824000.0,0.128511171280691,0.5612627218849063,0.14796467976757852,False,2014-08-20,2014-08-20,2014-08-20
NVDA,NVIDIA,2014Q3,2014-07-01,12,False,2014-10-26,1225382000.0,0.16263791940354877,0.5522343236639676,0.17408040921116844,False,2014-11-19,2014-11-19,2014-11-19
NVDA,NVIDIA,2014Q4,2014-10-01,6,False,2015-01-25,1250514000.0,0.09289838125252348,0.5594523531923673,0.18483279675397477,True,2015-03-12,2015-03-12,2015-03-12
NVDA,NVIDIA,2015Q1,2015-01-01,29,False,2015-04-26,1151000000.0,0.043719231365621836,0.5673327541268463,0.1529105125977411,False,2015-05-20,2015-05-20,2015-05-20
NVDA,NVIDIA,2015Q2,2015-04-01,32,False,2015-07-26,1153000000.0,0.045497740346601034,0.5498699045967043,0.06591500433651344,False,2015-08-19,2015-08-19,2015-08-19
NVDA,NVIDIA,2015Q3,2015-07-01,41,False,2015-10-25,1305000000.0,0.06497402442666855,0.5624521072796935,0.18773946360153257,False,2015-11-18,2015-11-18,2015-11-18
NVDA,NVIDIA,2015Q4,2015-10-01,46,False,2016-01-31,1401000000.0,0.12033931647306617,0.5638829407566024,0.17844396859386152,True,2016-03-17,2016-03-17,2016-03-17
NVDA,NVIDIA,2016Q1,2016-01-01,30,False,2016-05-01,1305000000.0,0.13379669852302345,0.5754789272030651,0.18773946360153257,False,2016-05-25,2016-05-25,2016-05-25
NVDA,NVIDIA,2016Q2,2016-04-01,12,False,2016-07-31,1428000000.0,0.238508239375542,0.5784313725490197,0.22198879551820727,False,2016-08-23,2016-08-23,2016-08-23
NVDA,NVIDIA,2016Q3,2016-07-01,12,False,2016-10-30,2004000000.0,0.535632183908046,0.5903193612774451,0.3188622754491018,False,2016-11-22,2016-11-22,2016-11-22
NVDA,NVIDIA,2016Q4,2016-10-01,27,False,2017-01-29,2173000000.0,0.5510349750178445,0.5996318453750575,0.3373216751035435,True,2017-03-01,2017-03-01,2017-03-01
NVDA,NVIDIA,2017Q1,2017-01-01,25,False,2017-04-30,1937000000.0,0.48429118773946356,0.5937016004130098,0.28600929272070214,False,2017-05-23,2017-05-23,2017-05-23
NVDA,NVIDIA,2017Q2,2017-04-01,22,False,2017-07-30,2230000000.0,0.561624649859944,0.5838565022421525,0.30852017937219733,False,2017-08-23,2017-08-23,2017-08-23
NVDA,NVIDIA,2017Q3,2017-07-01,15,False,2017-10-29,2636000000.0,0.3153692614770458,0.5952200303490136,0.33952959028831564,False,2017-11-21,2017-11-21,2017-11-21
NVDA,NVIDIA,2017Q4,2017-10-01,20,False,2018-01-28,2911000000.0,0.3396226415094339,0.6186877361731363,0.3686018550326348,True,2018-02-28,2018-02-28,2018-02-28
NVDA,NVIDIA,2018Q1,2018-01-01,42,False,2018-04-29,3207000000.0,0.6556530717604543,0.6448394137823511,0.40380417835983784,False,2018-05-22,2018-05-22,2018-05-22
NVDA,NVIDIA,2018Q2,2018-04-01,23,False,2018-07-29,3123000000.0,0.4004484304932736,0.6324047390329811,0.37047710534742234,False,2018-08-16,2018-08-16,2018-08-16
NVDA,NVIDIA,2018Q3,2018-07-01,48,False,2018-10-28,3181000000.0,0.20675265553869493,0.6038981452373468,0.33259981138006917,False,2018-11-15,2018-11-15,2018-11-15
NVDA,NVIDIA,2018Q4,2018-10-01,66,False,2019-01-27,2205000000.0,-0.24252834077636554,0.5473922902494331,0.13333333333333333,True,2019-02-21,2019-02-21,2019-02-21
NVDA,NVIDIA,2019Q1,2019-01-01,87,False,2019-04-28,2220000000.0,-0.3077642656688494,0.5837837837837838,0.16126126126126125,False,2019-05-16,2019-05-16,2019-05-16
NVDA,NVIDIA,2019Q2,2019-04-01,70,False,2019-07-28,2579000000.0,-0.1741914825488312,0.5975184179914695,0.22140364482357502,False,2019-08-15,2019-08-15,2019-08-15
NVDA,NVIDIA,2019Q3,2019-07-01,95,False,2019-10-27,3014000000.0,-0.05249921408362146,0.6357000663570007,0.30756469807564696,False,2019-11-14,2019-11-14,2019-11-14
NVDA,NVIDIA,2019Q4,2019-10-01,83,False,2020-01-26,3105000000.0,0.40816326530612246,0.6489533011272142,0.3188405797101449,True,2022-03-18,2022-03-18,2022-03-18
NVDA,NVIDIA,2020Q1,2020-01-01,92,False,2020-04-26,3080000000.0,0.3873873873873874,0.6506493506493507,0.3168831168831169,False,2020-05-21,2020-05-21,2020-05-21
NVDA,NVIDIA,2020Q2,2020-04-01,124,False,2020-07-26,3866000000.0,0.49903063202791786,0.5884635281945163,0.16839110191412313,False,2020-08-19,2020-08-19,2020-08-19
NVDA,NVIDIA,2020Q3,2020-07-01,145,False,2020-10-25,4726000000.0,0.5680159256801594,0.6263224714346171,0.2958104104951333,False,2020-11-18,2020-11-18,2020-11-18
NVDA,NVIDIA,2020Q4,2020-10-01,105,False,2021-01-31,5003000000.0,0.6112721417069242,0.6310213871676994,0.30121926843893665,True,2022-03-18,2022-03-18,2022-03-18
NVDA,NVIDIA,2021Q1,2021-01-01,123,False,2021-05-02,5661000000.0,0.8379870129870131,0.6410528175234057,0.3455219925808161,False,2021-05-26,2021-05-26,2021-05-26
NVDA,NVIDIA,2021Q2,2021-04-01,156,False,2021-08-01,6507000000.0,0.6831350232798759,0.6477639465191333,0.3755955125249731,False,2021-08-20,2021-08-20,2021-08-20
NVDA,NVIDIA,2021Q3,2021-07-01,153,False,2021-10-31,7103000000.0,0.502962336013542,0.6519780374489652,0.3760382936787273,False,2021-11-22,2021-11-22,2021-11-22
NVDA,NVIDIA,2021Q4,2021-10-01,158,False,2022-01-30,7643000000.0,0.5276833899660205,0.6541933795629988,0.3885908674604213,True,2022-03-18,2022-03-18,2022-03-18
NVDA,NVIDIA,2022Q1,2022-01-01,194,False,2022-05-01,8288000000.0,0.46405228758169925,0.655284749034749,0.22538610038610038,False,2022-05-27,2022-05-27,2022-05-27
NVDA,NVIDIA,2022Q2,2022-04-01,167,False,2022-07-31,6704000000.0,0.030275088366374714,0.4348150357995227,0.07443317422434367,False,2022-08-31,2022-08-31,2022-08-31
NVDA,NVIDIA,2022Q3,2022-07-01,198,False,2022-10-30,5931000000.0,-0.16500070392791777,0.5356600910470409,0.10133198448828191,False,2022-11-18,2022-11-18,2022-11-18
NVDA,NVIDIA,2022Q4,2022-10-01,182,False,2023-01-29,6051000000.0,-0.20829517205285886,0.6334490166914559,0.20756899686002314,True,2023-02-24,2023-02-24,2023-02-24
NVDA,NVIDIA,2023Q1,2023-01-01,185,False,2023-04-30,7192000000.0,-0.13223938223938225,0.646273637374861,0.2975528364849833,False,2023-05-26,2023-05-26,2023-05-26
NVDA,NVIDIA,2023Q2,2023-04-01,187,False,2023-07-30,13507000000.0,1.0147673031026252,0.7005256533649219,0.5034426593618124,False,2023-08-28,2023-08-28,2023-08-28
NVDA,NVIDIA,2023Q3,2023-07-01,219,False,2023-10-29,18120000000.0,2.055134041476985,0.739514348785872,0.5748896247240618,False,2023-11-21,2023-11-21,2023-11-21
NVDA,NVIDIA,2023Q4,2023-10-01,202,False,2024-01-28,22103000000.0,2.6527846636919516,0.759670632945754,0.6159797312582003,True,2024-02-21,2024-02-21,2024-02-21
NVDA,NVIDIA,2024Q1,2024-01-01,232,True,2024-04-28,26044000000.0,2.621245828698554,0.7835201965903855,0.6492474274305022,False,2024-05-29,2024-05-29,2024-05-29
NVDA,NVIDIA,2024Q2,2024-04-01,252,True,2024-07-28,30040000000.0,1.2240319834160065,0.7514647137150466,0.620572569906791,False,2024-08-28,2024-08-28,2024-08-28
NVDA,NVIDIA,2024Q3,2024-07-01,285,True,2024-10-27,35082000000.0,0.9360927152317882,0.7455675275069836,0.6233681090017673,False,2024-11-20,2024-11-20,2024-11-20
NVDA,NVIDIA,2024Q4,2024-10-01,152,True,2025-01-26,39331000000.0,0.7794417047459621,0.7302636597086268,0.6110447229920419,True,2025-02-26,2025-02-26,2025-02-26
NVDA,NVIDIA,2025Q1,2025-01-01,127,True,2025-04-27,44062000000.0,0.6918292121025955,0.6052380736235304,0.49108074985248057,False,2025-05-28,2025-05-28,2025-05-28
NVDA,NVIDIA,2025Q2,2025-04-01,140,True,2025-07-27,46743000000.0,0.5560252996005326,0.724236784117408,0.6084333483088377,False,2025-08-27,2025-08-27,2025-08-27
NVDA,NVIDIA,2025Q3,2025-07-01,100,True,2025-10-26,57006000000.0,0.6249358645459211,0.7341157071185489,0.6316878925025436,False,2025-11-19,2025-11-19,2025-11-19
NVDA,NVIDIA,2025Q4,2025-10-01,63,True,2026-01-25,68127000000.0,0.7321451272533117,0.7499669734466511,0.6502414608011508,True,2026-02-25,2026-02-25,2026-02-25
NVDA,NVIDIA,2026Q1,2026-01-01,0,True,2026-04-26,81615000000.0,0.8522763378875222,0.749335293757275,0.6559578508852539,False,2026-05-20,2026-05-20,2026-05-20
AMD,AMD,2009Q1,2009-01-01,52,False,,,,,,,,,
AMD,AMD,2009Q2,2009-04-01,47,False,2009-06-27,1184000000.0,,0.37246621621621623,-0.21030405405405406,False,2010-08-04,2010-08-04,2010-08-04
AMD,AMD,2009Q3,2009-07-01,54,False,2009-09-26,1396000000.0,,0.419054441260745,-0.05515759312320917,False,2010-11-03,2010-11-03,2010-11-03
AMD,AMD,2009Q4,2009-10-01,55,False,,,,,,,,,
AMD,AMD,2010Q1,2010-01-01,46,False,2010-03-27,1574000000.0,,0.4707750952986023,0.1156289707750953,False,2011-05-10,2011-05-10,2011-05-10
AMD,AMD,2010Q2,2010-04-01,45,False,2010-06-26,1653000000.0,0.3961148648648649,0.44646098003629764,0.07562008469449485,False,2010-08-04,2010-08-04,2010-08-04
AMD,AMD,2010Q3,2010-07-01,72,False,2010-09-25,1618000000.0,0.15902578796561606,0.45673671199011123,0.07911001236093942,False,2010-11-03,2010-11-03,2010-11-03
AMD,AMD,2010Q4,2010-10-01,119,False,2010-12-25,1649000000.0,,0.45057610673135234,0.2504548211036992,True,2013-02-21,2013-02-21,2013-02-21
AMD,AMD,2011Q1,2011-01-01,30,False,2011-04-02,1613000000.0,0.024777636594663255,0.4283942963422195,0.03347799132052077,False,2011-05-10,2011-05-10,2011-05-10
AMD,AMD,2011Q2,2011-04-01,47,False,2011-07-02,1574000000.0,-0.047791893526920703,0.45743329097839897,0.06670902160101652,False,2011-08-10,2011-08-10,2011-08-10
AMD,AMD,2011Q3,2011-07-01,48,False,2011-10-01,1690000000.0,0.04449938195302838,0.44733727810650886,0.08165680473372781,False,2011-11-09,2011-11-09,2011-11-09
AMD,AMD,2011Q4,2011-10-01,121,False,2011-12-31,1691000000.0,0.02546998180715576,0.4571259609698403,0.041986989946777055,True,2013-02-21,2013-02-21,2013-02-21
AMD,AMD,2012Q1,2012-01-01,27,False,2012-03-31,1585000000.0,-0.017358958462492247,0.017034700315457414,-0.3659305993690852,False,2013-05-06,2013-05-06,2013-05-06
AMD,AMD,2012Q2,2012-04-01,39,False,2012-06-30,1413000000.0,-0.102287166454892,0.45152158527954706,0.05449398443029016,False,2013-08-01,2013-08-01,2013-08-01
AMD,AMD,2012Q3,2012-07-01,85,False,2012-09-29,1269000000.0,-0.249112426035503,0.30890464933018125,-0.10323089046493301,False,2013-10-30,2013-10-30,2013-10-30
AMD,AMD,2012Q4,2012-10-01,161,False,2012-12-29,1155000000.0,-0.3169722057953873,0.15411255411255412,-0.36536796536796534,True,2013-10-30,2013-10-30,2013-10-30
AMD,AMD,2013Q1,2013-01-01,41,False,2013-03-30,1088000000.0,-0.3135646687697161,0.40900735294117646,-0.0900735294117647,False,2013-05-06,2013-05-06,2013-05-06
AMD,AMD,2013Q2,2013-04-01,92,False,2013-06-29,1161000000.0,-0.17834394904458595,0.3953488372093023,-0.024978466838931956,False,2013-08-01,2013-08-01,2013-08-01
AMD,AMD,2013Q3,2013-07-01,52,False,2013-09-28,1461000000.0,0.15130023640661938,0.35660506502395617,0.0650239561943874,False,2013-10-30,2013-10-30,2013-10-30
AMD,AMD,2013Q4,2013-10-01,35,False,2013-12-28,1589000000.0,0.37575757575757573,0.34801762114537443,0.08495909376966645,True,2014-02-18,2014-02-18,2014-02-18
AMD,AMD,2014Q1,2014-01-01,39,False,2014-03-29,1397000000.0,0.2840073529411764,0.34860415175375803,0.03507516105941303,False,2014-05-01,2014-05-01,2014-05-01
AMD,AMD,2014Q2,2014-04-01,38,False,2014-06-28,1441000000.0,0.24117140396210157,0.34559333795975017,0.04371963913948647,False,2014-07-31,2014-07-31,2014-07-31
AMD,AMD,2014Q3,2014-07-01,39,False,2014-09-27,1429000000.0,-0.021902806297056765,0.3456962911126662,0.044086773967809655,False,2014-10-30,2014-10-30,2014-10-30
AMD,AMD,2014Q4,2014-10-01,49,False,2014-12-27,1239000000.0,-0.2202643171806168,0.29055690072639223,-0.26634382566585957,True,2015-02-19,2015-02-19,2015-02-19
AMD,AMD,2015Q1,2015-01-01,24,False,2015-03-28,1030000000.0,-0.26270579813886896,0.31650485436893205,-0.13300970873786408,False,2015-04-29,2015-04-29,2015-04-29
AMD,AMD,2015Q2,2015-04-01,45,False,2015-06-27,942000000.0,-0.3462873004857737,0.24628450106157113,-0.1454352441613588,False,2015-07-30,2015-07-30,2015-07-30
AMD,AMD,2015Q3,2015-07-01,26,False,2015-09-26,1061000000.0,-0.25752274317704693,0.22525918944392084,-0.14891611687087652,False,2015-11-03,2015-11-03,2015-11-03
AMD,AMD,2015Q4,2015-10-01,30,False,2015-12-26,958000000.0,-0.22679580306698954,0.2954070981210856,-0.0511482254697286,True,2016-02-18,2016-02-18,2016-02-18
AMD,AMD,2016Q1,2016-01-01,22,False,2016-03-26,832000000.0,-0.1922330097087379,0.3233173076923077,-0.08173076923076923,False,2016-04-28,2016-04-28,2016-04-28
AMD,AMD,2016Q2,2016-04-01,60,False,2016-06-25,1027000000.0,0.09023354564755848,0.31061343719571566,-0.007789678675754625,False,2016-07-26,2016-07-26,2016-07-26
AMD,AMD,2016Q3,2016-07-01,81,False,2016-09-24,1307000000.0,0.23185673892554193,0.045141545524101,-0.22417750573833206,False,2016-10-26,2016-10-26,2016-10-26
AMD,AMD,2016Q4,2016-10-01,72,False,2016-12-31,1153000000.0,0.20354906054279742,0.3044232437120555,-0.0026019080659150044,True,2019-02-08,2019-02-08,2019-02-08
AMD,AMD,2017Q1,2017-01-01,44,False,2017-04-01,1178000000.0,0.4158653846153846,0.28098471986417656,-0.02461799660441426,False,2019-02-08,2019-02-08,2019-02-08
AMD,AMD,2017Q2,2017-04-01,45,False,2017-07-01,1151000000.0,0.12074001947419677,0.3509991311902693,0.021720243266724587,False,2018-08-02,2018-08-02,2018-08-02
AMD,AMD,2017Q3,2017-07-01,35,False,2017-09-30,1584000000.0,0.21193573068094884,0.36174242424242425,0.07954545454545454,False,2018-10-31,2018-10-31,2018-10-31
AMD,AMD,2017Q4,2017-10-01,116,False,2017-12-30,1340000000.0,0.16218560277536853,0.3843283582089552,0.06119402985074627,True,2019-02-08,2019-02-08,2019-02-08
AMD,AMD,2018Q1,2018-01-01,23,False,2018-03-31,1647000000.0,0.398132427843803,0.36247723132969034,0.07285974499089254,False,2019-02-08,2019-02-08,2019-02-08
AMD,AMD,2018Q2,2018-04-01,56,False,2018-06-30,1756000000.0,0.5256298870547351,0.3712984054669704,0.08712984054669703,False,2018-08-02,2018-08-02,2018-08-02
AMD,AMD,2018Q3,2018-07-01,76,False,2018-09-29,1653000000.0,0.043560606060605966,0.3998790078644888,0.09074410163339383,False,2018-10-31,2018-10-31,2018-10-31
AMD,AMD,2018Q4,2018-10-01,94,False,2018-12-29,1419000000.0,0.05895522388059704,0.3784355179704017,0.019732205778717406,True,2019-02-08,2019-02-08,2019-02-08
AMD,AMD,2019Q1,2019-01-01,35,False,2019-03-30,1272000000.0,-0.22768670309653916,0.40959119496855345,0.029874213836477988,False,2019-05-01,2019-05-01,2019-05-01
AMD,AMD,2019Q2,2019-04-01,49,False,2019-06-29,1531000000.0,-0.128132118451025,0.40561724363161333,0.038536903984323974,False,2019-07-31,2019-07-31,2019-07-31
AMD,AMD,2019Q3,2019-07-01,70,False,2019-09-28,1801000000.0,0.08953418027828186,0.4314269850083287,0.10327595780122155,False,2019-10-30,2019-10-30,2019-10-30
AMD,AMD,2019Q4,2019-10-01,116,False,2019-12-28,2127000000.0,0.4989429175475688,0.4461683121767748,0.16361071932299012,True,2020-02-04,2020-02-04,2020-02-04
AMD,AMD,2020Q1,2020-01-01,30,False,2020-03-28,1786000000.0,0.4040880503144655,0.458006718924972,0.09910414333706608,False,2020-04-29,2020-04-29,2020-04-29
AMD,AMD,2020Q2,2020-04-01,39,False,2020-06-27,1932000000.0,0.26192031352057477,0.4389233954451346,0.08954451345755693,False,2020-07-29,2020-07-29,2020-07-29
AMD,AMD,2020Q3,2020-07-01,106,False,2020-09-26,2801000000.0,0.555247084952804,0.4391288825419493,0.1602998928953945,False,2020-10-28,2020-10-28,2020-10-28
AMD,AMD,2020Q4,2020-10-01,124,False,2020-12-26,3244000000.0,0.5251527973671839,0.4472872996300863,0.17570900123304561,True,2021-01-29,2021-01-29,2021-01-29
AMD,AMD,2021Q1,2021-01-01,62,False,2021-03-27,3445000000.0,0.9288913773796192,0.4606676342525399,0.19216255442670538,False,2021-04-28,2021-04-28,2021-04-28
AMD,AMD,2021Q2,2021-04-01,55,False,2021-06-26,3850000000.0,0.9927536231884058,0.4753246753246753,0.21584415584415584,False,2021-07-28,2021-07-28,2021-07-28
AMD,AMD,2021Q3,2021-07-01,104,False,2021-09-25,4313000000.0,0.5398072117101036,0.48365406909343844,0.21980060282865754,False,2021-10-27,2021-10-27,2021-10-27
AMD,AMD,2021Q4,2021-10-01,186,False,2021-12-25,4826000000.0,0.48766954377311955,0.5026937422295897,0.25010360547036886,True,2022-02-03,2022-02-03,2022-02-03
AMD,AMD,2022Q1,2022-01-01,47,False,2022-03-26,5887000000.0,0.7088534107402031,0.4786818413453372,0.16154238151860031,False,2022-05-04,2022-05-04,2022-05-04
AMD,AMD,2022Q2,2022-04-01,100,False,2022-06-25,6550000000.0,0.7012987012987013,0.4622900763358779,0.08030534351145038,False,2022-08-03,2022-08-03,2022-08-03
AMD,AMD,2022Q3,2022-07-01,113,False,2022-09-24,5565000000.0,0.2902851843264549,0.4230008984725966,-0.011500449236298293,False,2022-11-02,2022-11-02,2022-11-02
AMD,AMD,2022Q4,2022-10-01,161,False,2022-12-31,5599000000.0,0.1601740571902197,0.42918378281836045,-0.02661189498124665,True,2023-02-27,2023-02-27,2023-02-27
AMD,AMD,2023Q1,2023-01-01,87,False,2023-04-01,5353000000.0,-0.09070834041107523,0.4406874649729124,-0.02708761442181954,False,2023-05-03,2023-05-03,2023-05-03
AMD,AMD,2023Q2,2023-04-01,111,False,2023-07-01,5359000000.0,-0.1818320610687023,0.4558686322075014,-0.003732039559619332,False,2023-08-02,2023-08-02,2023-08-02
AMD,AMD,2023Q3,2023-07-01,115,False,2023-09-30,5800000000.0,0.04222821203953275,0.4736206896551724,0.038620689655172416,False,2023-11-01,2023-11-01,2023-11-01
AMD,AMD,2023Q4,2023-10-01,146,False,2023-12-30,6168000000.0,0.10162529023039824,0.4719520103761349,0.05544747081712062,True,2024-01-31,2024-01-31,2024-01-31
AMD,AMD,2024Q1,2024-01-01,112,True,2024-03-30,5473000000.0,0.022417336073230043,0.46775077653937513,0.006577745295084963,False,2024-05-01,2024-05-01,2024-05-01
AMD,AMD,2024Q2,2024-04-01,114,True,2024-06-29,5835000000.0,0.08882254151894009,0.4908311910882605,0.04610111396743787,False,2024-07-31,2024-07-31,2024-07-31
AMD,AMD,2024Q3,2024-07-01,104,True,2024-09-28,6819000000.0,0.17568965517241386,0.5013931661533949,0.1061739257955712,False,2024-10-30,2024-10-30,2024-10-30
AMD,AMD,2024Q4,2024-10-01,25,True,2024-12-28,7658000000.0,0.24156939040207526,0.5069208670671194,0.11373726821624446,True,2025-02-05,2025-02-05,2025-02-05
AMD,AMD,2025Q1,2025-01-01,7,True,2025-03-29,7438000000.0,0.3590352640233876,0.5022855606345792,0.10836246302769562,False,2025-05-07,2025-05-07,2025-05-07
AMD,AMD,2025Q2,2025-04-01,9,True,2025-06-28,7685000000.0,0.31705227077977716,0.39804814573845154,-0.017436564736499675,False,2025-08-06,2025-08-06,2025-08-06
AMD,AMD,2025Q3,2025-07-01,14,True,2025-09-27,9246000000.0,0.355917289925209,0.5169803158122431,0.13735669478693488,False,2025-11-05,2025-11-05,2025-11-05
AMD,AMD,2025Q4,2025-10-01,5,True,2025-12-27,10270000000.0,0.3410812222512405,0.5430379746835443,0.1705939629990263,True,2026-02-04,2026-02-04,2026-02-04
AMD,AMD,2026Q1,2026-01-01,0,True,2026-03-28,10253000000.0,0.3784619521376713,0.5282356383497513,0.14395786599044183,False,2026-05-06,2026-05-06,2026-05-06
MRVL,Marvell,2009Q1,2009-01-01,129,False,2009-05-02,521434000.0,,0.5059202123375154,-0.20957398251744228,False,2010-06-08,2011-03-28,2010-06-08
MRVL,Marvell,2009Q2,2009-04-01,116,False,2009-08-01,640620000.0,-0.23968786161469302,0.5503434173144766,0.10544316443445412,False,2009-09-10,2011-03-28,2009-09-10
MRVL,Marvell,2009Q3,2009-07-01,153,False,2009-10-31,803098000.0,0.015235523597869172,0.5746260107732805,0.21174999813223294,False,2009-12-09,2011-03-28,2009-12-09
MRVL,Marvell,2009Q4,2009-10-01,128,False,2010-01-30,842535000.0,,0.5967051813871234,0.24424979377711312,True,2010-06-08,2011-03-28,2010-06-08
MRVL,Marvell,2010Q1,2010-01-01,134,False,2010-05-01,855579000.0,0.6408193558532815,0.5979506275866986,0.24358124731906697,False,2010-06-08,2011-03-28,2010-06-08
MRVL,Marvell,2010Q2,2010-04-01,132,False,2010-07-31,896474000.0,0.3993849708095283,0.5909730789738464,0.24324631835390653,False,2010-09-03,2011-03-28,2010-09-03
MRVL,Marvell,2010Q3,2010-07-01,142,False,2010-10-30,959327000.0,0.1945329212624114,0.5926227449034583,0.2699830193458539,False,2010-11-23,2011-03-28,2010-11-23
MRVL,Marvell,2010Q4,2010-10-01,155,False,2011-01-29,900513000.0,0.06881375847887616,0.5871253385570225,0.23955567548719453,True,2011-03-28,2011-03-28,2011-03-28
MRVL,Marvell,2011Q1,2011-01-01,138,False,2011-04-30,802402000.0,-0.06215323190494393,0.5831578186495049,0.18458702745008113,False,2011-06-08,2012-03-27,2011-06-08
MRVL,Marvell,2011Q2,2011-04-01,145,False,2011-07-30,897520000.0,0.001166793459709936,0.5787091095463054,0.21686424815045904,False,2011-09-06,2012-03-27,2011-09-06
MRVL,Marvell,2011Q3,2011-07-01,174,False,2011-10-29,950417000.0,-0.009287761107526382,0.5664008535200864,0.2013705562926589,False,2011-12-02,2012-03-27,2011-12-02
MRVL,Marvell,2011Q4,2011-10-01,172,False,2012-01-28,742701000.0,-0.17524677600434424,0.540712884458214,0.09426000503567385,True,2012-03-27,2012-03-27,2012-03-27
MRVL,Marvell,2012Q1,2012-01-01,192,False,2012-04-28,796351000.0,-0.007541107823759163,0.5399993219070486,0.11795426890906145,False,2012-06-01,2013-03-29,2012-06-01
MRVL,Marvell,2012Q2,2012-04-01,189,False,2012-07-28,816104000.0,-0.09071218468669218,0.532119680824993,0.11066604256320273,False,2012-09-04,2013-03-29,2012-09-04
MRVL,Marvell,2012Q3,2012-07-01,241,False,2012-10-27,780881000.0,-0.17838064765255668,0.5204096398811087,0.08554056251848874,False,2012-11-29,2013-03-29,2012-11-29
MRVL,Marvell,2012Q4,2012-10-01,288,False,2013-02-02,775294000.0,0.04388441647446273,0.5216872567051983,0.05625220883948541,True,2013-03-29,2013-03-29,2013-03-29
MRVL,Marvell,2013Q1,2013-01-01,226,False,2013-05-04,734369000.0,-0.07783251355244103,0.5432296297910179,0.05839162600817845,False,2013-06-06,2014-03-27,2013-06-06
MRVL,Marvell,2013Q2,2013-04-01,214,False,2013-08-03,807056000.0,-0.011086822267750152,0.521645338117801,0.06440321365555798,False,2013-09-05,2014-03-27,2013-09-05
MRVL,Marvell,2013Q3,2013-07-01,224,False,2013-11-02,931226000.0,0.19253253696786077,0.5006786752088107,0.10225659506929574,False,2013-12-06,2014-03-27,2013-12-06
MRVL,Marvell,2013Q4,2013-10-01,259,False,2014-02-01,931749000.0,0.20180086522016172,0.48778909341464277,0.09724614676270112,True,2014-03-27,2014-03-27,2014-03-27
MRVL,Marvell,2014Q1,2014-01-01,264,False,2014-05-03,957830000.0,0.3042898052613876,0.4843970224361317,0.09708090162137331,False,2014-06-05,2015-03-26,2014-06-05
MRVL,Marvell,2014Q2,2014-04-01,228,False,2014-08-02,961545000.0,0.19142290002180773,0.5031527385613778,0.12527130815510454,False,2014-09-04,2015-03-26,2014-09-04
MRVL,Marvell,2014Q3,2014-07-01,119,False,2014-11-01,930136000.0,-0.0011704999645628655,0.5108521764559161,0.12421839386928363,False,2014-12-04,2015-03-26,2014-12-04
MRVL,Marvell,2014Q4,2014-10-01,145,False,2015-01-31,857452000.0,-0.07973928600942959,0.5135226228406955,0.09311075138899903,True,2015-03-26,2015-03-26,2015-03-26
MRVL,Marvell,2015Q1,2015-01-01,129,False,2015-05-02,724288000.0,-0.24382406063706508,0.5151749028010957,0.018296589202085357,False,2015-06-04,2016-07-21,2015-06-04
MRVL,Marvell,2015Q2,2015-04-01,97,False,2015-08-01,710492000.0,-0.2610933445652569,0.3501418735186322,-1.0882416691532064,False,2016-07-21,2016-07-21,2016-07-21
MRVL,Marvell,2015Q3,2015-07-01,75,False,2015-10-31,674890000.0,-0.27441793458160957,0.4380506452903436,-0.08753130139726474,False,2016-07-21,2016-07-21,2016-07-21
MRVL,Marvell,2015Q4,2015-10-01,85,False,2016-01-30,616158000.0,-0.2814081721192556,0.4525332788018658,0.0036841199822123544,True,2016-07-21,2018-03-29,2016-07-21
MRVL,Marvell,2016Q1,2016-01-01,94,False,2016-04-30,540822000.0,-0.2533053150128126,0.5085388538188166,-0.05384766152264516,False,2016-08-10,2017-06-05,2016-08-10
MRVL,Marvell,2016Q2,2016-04-01,93,False,2016-07-30,626404000.0,-0.11835179002719243,0.5218980083141231,0.06306792421504333,False,2016-09-08,2017-08-31,2016-09-08
MRVL,Marvell,2016Q3,2016-07-01,95,False,2016-10-29,654422000.0,-0.03032790528826923,0.5453575827218523,0.12675765790269888,False,2016-12-06,2017-12-04,2016-12-06
MRVL,Marvell,2016Q4,2016-10-01,80,False,2017-01-28,496026000.0,-0.1949694721159183,0.6543729562563253,0.013420667465011915,True,2017-03-28,2018-03-29,2017-03-28
MRVL,Marvell,2017Q1,2017-01-01,55,False,2017-04-29,579180000.0,0.07092536916027825,0.6019389481680997,0.17073793984598915,False,2017-06-05,2017-06-05,2017-06-05
MRVL,Marvell,2017Q2,2017-04-01,63,False,2017-07-29,604750000.0,-0.034568744771744764,0.6038495245969409,0.20564365440264573,False,2017-08-31,2017-08-31,2017-08-31
MRVL,Marvell,2017Q3,2017-07-01,52,False,2017-10-28,616302000.0,-0.05824987546262195,0.6129608536074846,0.24321842213719896,False,2017-12-04,2017-12-04,2017-12-04
MRVL,Marvell,2017Q4,2017-10-01,37,False,2018-02-03,608938000.0,0.2276332289033236,0.6082097027940447,0.09286331284958403,True,2018-03-29,2018-03-29,2018-03-29
MRVL,Marvell,2018Q1,2018-01-01,50,False,2018-05-05,604631000.0,0.04394316102075346,0.6213591430144998,0.20686832133979238,False,2018-06-05,2018-06-05,2018-06-05
MRVL,Marvell,2018Q2,2018-04-01,46,False,2018-08-04,665310000.0,0.10014055394791233,0.5668184755978416,-0.012461859884865702,False,2018-09-12,2018-09-12,2018-09-12
MRVL,Marvell,2018Q3,2018-07-01,64,False,2018-11-03,851051000.0,0.38089929936946487,0.4507215196269084,-0.024099613301670524,False,2018-12-10,2018-12-10,2018-12-10
MRVL,Marvell,2018Q4,2018-10-01,81,False,2019-02-02,744799000.0,0.22311138408179487,0.4323340928223588,-0.07117087966014991,True,2019-03-28,2019-03-28,2019-03-28
MRVL,Marvell,2019Q1,2019-01-01,63,False,2019-05-04,662452000.0,0.09563022736181237,0.5455912277417836,-0.03189061245192105,False,2019-06-06,2019-06-06,2019-06-06
MRVL,Marvell,2019Q2,2019-04-01,58,False,2019-08-03,656568000.0,-0.01313973936961721,0.53414421659295,-0.07040854869564157,False,2019-09-04,2019-09-04,2019-09-04
MRVL,Marvell,2019Q3,2019-07-01,91,False,2019-11-02,662470000.0,-0.22158601540918232,0.513331924464504,-0.09284797802164627,False,2019-12-04,2019-12-04,2019-12-04
MRVL,Marvell,2019Q4,2019-10-01,60,False,2020-02-01,717671000.0,-0.036423249762687626,0.42462911278287685,-0.15953689085946068,True,2020-03-23,2020-03-23,2020-03-23
MRVL,Marvell,2020Q1,2020-01-01,62,False,2020-05-02,693641000.0,0.04708114701140609,0.4712841368950221,-0.13839435673496808,False,2020-05-29,2020-05-29,2020-05-29
MRVL,Marvell,2020Q2,2020-04-01,69,False,2020-08-01,727297000.0,0.10772532319576955,0.49396051406784297,-0.20798518349450087,False,2020-08-28,2020-08-28,2020-08-28
MRVL,Marvell,2020Q3,2020-07-01,54,False,2020-10-31,750143000.0,0.13234259664588577,0.5079831445471064,-0.012517613308395866,False,2020-12-04,2020-12-04,2020-12-04
MRVL,Marvell,2020Q4,2020-10-01,69,False,2021-01-30,797819000.0,0.11167791369582991,0.5278540621369007,-0.002175932134982997,True,2021-03-16,2021-03-16,2021-03-16
MRVL,Marvell,2021Q1,2021-01-01,62,False,2021-05-01,832279000.0,0.1998699615507158,0.5024048426068662,-0.09889832616226049,False,2021-06-09,2021-06-09,2021-06-09
MRVL,Marvell,2021Q2,2021-04-01,53,False,2021-07-31,1075881000.0,0.4792870037962482,0.3456051366275638,-0.24786012579458136,False,2021-08-27,2021-08-27,2021-08-27
MRVL,Marvell,2021Q3,2021-07-01,44,False,2021-10-30,1211245000.0,0.6146854666376944,0.4853023129094444,-0.027526223018464472,False,2021-12-03,2021-12-03,2021-12-03
MRVL,Marvell,2021Q4,2021-10-01,43,False,2022-01-29,1342978000.0,0.6833116283267258,0.5111282537763091,0.02580235863878634,True,2022-03-10,2022-03-10,2022-03-10
MRVL,Marvell,2022Q1,2022-01-01,60,False,2022-04-30,1446900000.0,0.7384795242941369,0.5189715944432925,0.04824106710899164,False,2022-05-27,2022-05-27,2022-05-27
MRVL,Marvell,2022Q2,2022-04-01,56,False,2022-07-30,1516900000.0,0.4099142934952844,0.5181620410046806,0.02577625420265014,False,2022-08-26,2022-08-26,2022-08-26
MRVL,Marvell,2022Q3,2022-07-01,71,False,2022-10-29,1537300000.0,0.2691899656964529,0.5056267481948872,0.06882196058023808,False,2022-12-02,2022-12-02,2022-12-02
MRVL,Marvell,2022Q4,2022-10-01,52,False,2023-01-28,1418500000.0,0.056234726108692845,0.474656327106098,0.016425801903419104,True,2023-03-09,2023-03-09,2023-03-09
MRVL,Marvell,2023Q1,2023-01-01,70,False,2023-04-29,1321700000.0,-0.08652982237887896,0.42157827040932133,-0.13800408564727246,False,2023-05-26,2023-05-26,2023-05-26
MRVL,Marvell,2023Q2,2023-04-01,46,False,2023-07-29,1340900000.0,-0.11602610587382156,0.3886195838615855,-0.15340442986054142,False,2023-08-25,2023-08-25,2023-08-25
MRVL,Marvell,2023Q3,2023-07-01,41,False,2023-10-28,1418600000.0,-0.07721329603850913,0.3885520936134217,-0.10312984632736501,False,2023-12-01,2023-12-01,2023-12-01
MRVL,Marvell,2023Q4,2023-10-01,48,False,2024-02-03,1426500000.0,0.005639760310186759,0.46554504030844723,-0.02334384858044164,True,2024-03-13,2024-03-13,2024-03-13
MRVL,Marvell,2024Q1,2024-01-01,42,True,2024-05-04,1160900000.0,-0.12166149655746383,0.45464725643896975,-0.13119131708157464,False,2024-05-31,2024-05-31,2024-05-31
MRVL,Marvell,2024Q2,2024-04-01,19,True,2024-08-03,1272900000.0,-0.050712208218360755,0.4616230654411187,-0.07887500982009585,False,2024-08-30,2024-08-30,2024-08-30
MRVL,Marvell,2024Q3,2024-07-01,20,True,2024-11-02,1516100000.0,0.06872973354011003,0.23045973220763802,-0.46355781280918146,False,2024-12-04,2024-12-04,2024-12-04
MRVL,Marvell,2024Q4,2024-10-01,37,True,2025-02-01,1817400000.0,0.2740273396424815,0.5047870584351271,0.12941564872895345,True,2025-03-12,2025-03-12,2025-03-12
MRVL,Marvell,2025Q1,2025-01-01,31,True,2025-05-03,1895300000.0,0.6326126281333448,0.502506199546246,0.142774230992455,False,2025-05-30,2025-05-30,2025-05-30
MRVL,Marvell,2025Q2,2025-04-01,27,True,2025-08-02,2006100000.0,0.5760075418336084,0.5037635212601566,0.1446089427246897,False,2025-08-29,2025-08-29,2025-08-29
MRVL,Marvell,2025Q3,2025-07-01,17,True,2025-11-01,2074500000.0,0.36831343578919595,0.5156905278380333,0.17247529525186792,False,2025-12-03,2025-12-03,2025-12-03
MRVL,Marvell,2025Q4,2025-10-01,2,True,2026-01-31,2218700000.0,0.22080994827775946,0.5173750394375084,0.18226889620047776,True,2026-03-11,2026-03-11,2026-03-11
MRVL,Marvell,2026Q1,2026-01-01,0,True,2026-05-02,2417800000.0,0.27568195008705754,0.5214657953511457,0.14037554801886012,False,2026-05-28,2026-05-28,2026-05-28
MU,Micron,2009Q1,2009-01-01,176,False,,,,,,,,,
MU,Micron,2009Q2,2009-04-01,168,False,,,,,,,,,
MU,Micron,2009Q3,2009-07-01,147,False,,,,,,,,,
MU,Micron,2009Q4,2009-10-01,208,False,2009-12-03,1740000000.0,0.2410841654778888,0.2545977011494253,0.11551724137931034,False,2010-01-12,2010-01-12,2010-01-12
MU,Micron,2010Q1,2010-01-01,195,False,2010-03-04,1961000000.0,,0.32738398776134625,0.21162672106068334,False,2011-04-12,2011-04-12,2011-04-12
MU,Micron,2010Q2,2010-04-01,209,False,2010-06-03,2288000000.0,,0.3706293706293706,0.23601398601398602,False,2011-07-12,2011-07-12,2011-07-12
MU,Micron,2010Q3,2010-07-01,247,False,2010-09-02,2493000000.0,,0.31327717609306055,0.17368632170076215,True,2011-10-25,2011-10-25,2011-10-25
MU,Micron,2010Q4,2010-10-01,195,False,2010-12-02,2252000000.0,0.2942528735632184,0.23268206039076378,0.17317939609236235,False,2011-01-11,2011-01-11,2011-01-11
MU,Micron,2011Q1,2011-01-01,232,False,2011-03-03,2257000000.0,0.15094339622641506,0.19273371732388125,0.07930881701373504,False,2011-04-12,2011-04-12,2011-04-12
MU,Micron,2011Q2,2011-04-01,269,False,2011-06-02,2139000000.0,-0.0651223776223776,0.22346891070593736,0.11079943899018233,False,2011-07-12,2011-07-12,2011-07-12
MU,Micron,2011Q3,2011-07-01,275,False,2011-09-01,2140000000.0,-0.1415964701163257,0.15,-0.02383177570093458,True,2011-10-25,2011-10-25,2011-10-25
MU,Micron,2011Q4,2011-10-01,211,False,2011-12-01,2090000000.0,-0.0719360568383659,0.145933014354067,-0.03923444976076555,False,2012-01-10,2012-01-10,2012-01-10
MU,Micron,2012Q1,2012-01-01,222,False,2012-03-01,2009000000.0,-0.1098803721754541,0.10452961672473868,-0.10204081632653061,False,2012-04-09,2012-04-09,2012-04-09
MU,Micron,2012Q2,2012-04-01,224,False,2012-05-31,2172000000.0,0.015427769985974837,0.10773480662983426,-0.08793738489871086,False,2012-07-09,2012-07-09,2012-07-09
MU,Micron,2012Q3,2012-07-01,338,False,2012-08-30,1963000000.0,-0.08271028037383177,0.11156393275598574,-0.07131940906775344,True,2012-10-29,2012-10-29,2012-10-29
MU,Micron,2012Q4,2012-10-01,131,False,2012-11-29,1834000000.0,-0.12248803827751198,0.1183206106870229,-0.08560523446019629,False,2013-01-07,2013-01-07,2013-01-07
MU,Micron,2013Q1,2013-01-01,234,False,2013-02-28,2078000000.0,0.03434544549527119,0.17613089509143406,-0.011068334937439845,False,2013-04-08,2013-04-08,2013-04-08
MU,Micron,2013Q2,2013-04-01,212,False,2013-05-30,2318000000.0,0.06721915285451208,0.23986194995685936,0.0642795513373598,False,2013-07-08,2013-07-08,2013-07-08
MU,Micron,2013Q3,2013-07-01,252,False,2013-08-29,2843000000.0,0.4482934284258788,0.24903271192402393,0.09391487864931411,True,2013-10-28,2013-10-28,2013-10-28
MU,Micron,2013Q4,2013-10-01,232,False,2013-11-28,4042000000.0,1.2039258451472192,0.3169223156853043,0.136318654131618,False,2014-01-07,2014-01-07,2014-01-07
MU,Micron,2014Q1,2014-01-01,219,False,2014-02-27,4107000000.0,0.976419634263715,0.3416118821524227,0.2115899683467251,False,2014-04-07,2014-04-07,2014-04-07
MU,Micron,2014Q2,2014-04-01,269,False,2014-05-29,3982000000.0,0.7178602243313201,0.34354595680562533,0.21069814163736816,False,2014-07-03,2014-07-03,2014-07-03
MU,Micron,2014Q3,2014-07-01,222,False,2014-08-28,4227000000.0,0.48680970805487167,0.32765554766974214,0.19588360539389638,True,2014-10-27,2014-10-27,2014-10-27
MU,Micron,2014Q4,2014-10-01,177,False,2014-12-04,4573000000.0,0.13137060860959915,0.3581893724032364,0.23726219112180189,False,2015-01-09,2015-01-09,2015-01-09
MU,Micron,2015Q1,2015-01-01,198,False,2015-03-05,4166000000.0,0.014365717068419714,0.3372539606337014,0.20523283725396063,False,2015-04-10,2015-04-10,2015-04-10
MU,Micron,2015Q2,2015-04-01,203,False,2015-06-04,3853000000.0,-0.03239578101456553,0.31196470282896444,0.1637684920840903,False,2015-07-10,2015-07-10,2015-07-10
MU,Micron,2015Q3,2015-07-01,207,False,2015-09-03,3600000000.0,-0.1483321504613201,0.26944444444444443,0.11861111111111111,True,2015-10-27,2015-10-27,2015-10-27
MU,Micron,2015Q4,2015-10-01,172,False,2015-12-03,3350000000.0,-0.2674393177345288,0.25343283582089554,0.06925373134328358,False,2016-01-08,2016-01-08,2016-01-08
MU,Micron,2016Q1,2016-01-01,203,False,2016-03-03,2934000000.0,-0.29572731637061933,0.19734151329243355,-0.0017041581458759373,False,2016-04-08,2016-04-08,2016-04-08
MU,Micron,2016Q2,2016-04-01,201,False,2016-06-02,2898000000.0,-0.24785881131585774,0.17184265010351968,-0.009316770186335404,False,2016-07-06,2016-07-06,2016-07-06
MU,Micron,2016Q3,2016-07-01,160,False,2016-09-01,3217000000.0,-0.10638888888888887,0.1799813490829966,-0.009947155735156978,True,2018-10-15,2018-10-15,2018-10-15
MU,Micron,2016Q4,2016-10-01,143,False,2016-12-01,3970000000.0,0.18507462686567155,0.25465994962216626,0.09042821158690176,False,2018-10-15,2018-10-15,2018-10-15
MU,Micron,2017Q1,2017-01-01,181,False,2017-03-02,4648000000.0,0.5841854124062713,0.36660929432013767,0.22461273666092943,False,2018-10-15,2018-10-15,2018-10-15
MU,Micron,2017Q2,2017-04-01,226,False,2017-06-01,5566000000.0,0.9206349206349207,0.4687387711103126,0.35267696730147324,False,2018-10-15,2018-10-15,2018-10-15
MU,Micron,2017Q3,2017-07-01,445,False,2017-08-31,6138000000.0,0.9079888094497979,0.5070055392636038,0.40762463343108507,True,2018-10-15,2018-10-15,2018-10-15
MU,Micron,2017Q4,2017-10-01,349,False,2017-11-30,6803000000.0,0.7136020151133502,0.550786417756872,0.455240335146259,False,2018-10-15,2018-10-15,2018-10-15
MU,Micron,2018Q1,2018-01-01,255,False,2018-03-01,7351000000.0,0.5815404475043029,0.580873350564549,0.48524010338729423,False,2018-10-15,2018-10-15,2018-10-15
MU,Micron,2018Q2,2018-04-01,375,False,2018-05-31,7797000000.0,0.40082644628099184,0.6057457996665384,0.5069898678979095,False,2018-10-15,2018-10-15,2018-10-15
MU,Micron,2018Q3,2018-07-01,596,False,2018-08-30,8440000000.0,0.3750407298794396,0.6103080568720379,0.5186018957345971,True,2018-10-15,2018-10-15,2018-10-15
MU,Micron,2018Q4,2018-10-01,610,False,2018-11-29,7913000000.0,0.16316331030427755,0.5832174902059901,0.47504107165423987,False,2018-12-19,2018-12-19,2018-12-19
MU,Micron,2019Q1,2019-01-01,301,False,2019-02-28,5835000000.0,-0.20623044483743713,0.4908311910882605,0.3353898886032562,False,2019-03-21,2019-03-21,2019-03-21
MU,Micron,2019Q2,2019-04-01,542,False,2019-05-30,4788000000.0,-0.38591766063870725,0.3817878028404344,0.2109440267335004,False,2019-06-26,2019-06-26,2019-06-26
MU,Micron,2019Q3,2019-07-01,730,False,2019-08-29,4870000000.0,-0.4229857819905213,0.2864476386036961,0.13347022587268995,True,2019-10-17,2019-10-17,2019-10-17
MU,Micron,2019Q4,2019-10-01,505,False,2019-11-28,5144000000.0,-0.3499304941235941,0.265552099533437,0.10069984447900467,False,2019-12-20,2019-12-20,2019-12-20
MU,Micron,2020Q1,2020-01-01,407,False,2020-02-27,4797000000.0,-0.17789203084832905,0.28246820929747757,0.09172399416301856,False,2020-03-26,2020-03-26,2020-03-26
MU,Micron,2020Q2,2020-04-01,515,False,2020-05-28,5438000000.0,0.1357560568086884,0.3242000735564546,0.16329532916513423,False,2020-06-29,2020-06-29,2020-06-29
MU,Micron,2020Q3,2020-07-01,714,False,2020-09-03,6056000000.0,0.24353182751540037,0.3414795244385733,0.19105019815059446,True,2020-10-19,2020-10-19,2020-10-19
MU,Micron,2020Q4,2020-10-01,655,False,2020-12-03,5773000000.0,0.12227838258164847,0.3007102026675905,0.15000866100814134,False,2021-01-08,2021-01-08,2021-01-08
MU,Micron,2021Q1,2021-01-01,565,False,2021-03-04,6236000000.0,0.2999791536376901,0.26443232841565106,0.1063181526619628,False,2021-04-01,2021-04-01,2021-04-01
MU,Micron,2021Q2,2021-04-01,565,False,2021-06-03,7422000000.0,0.3648400147112909,0.4211802748585287,0.24238749663163567,False,2021-07-01,2021-07-01,2021-07-01
MU,Micron,2021Q3,2021-07-01,686,False,2021-09-02,8274000000.0,0.3662483487450463,0.47280638143582304,0.35714285714285715,True,2021-10-08,2021-10-08,2021-10-08
MU,Micron,2021Q4,2021-10-01,500,False,2021-12-02,7687000000.0,0.33154339165078817,0.4637700013008976,0.3422661636529205,False,2022-01-06,2022-01-06,2022-01-06
MU,Micron,2022Q1,2022-01-01,543,False,2022-03-03,7786000000.0,0.248556767158435,0.47212946313896736,0.32699717441561776,False,2022-03-30,2022-03-30,2022-03-30
MU,Micron,2022Q2,2022-04-01,701,False,2022-06-02,8642000000.0,0.16437617892751288,0.46690580884054617,0.3476047211293682,False,2022-07-01,2022-07-01,2022-07-01
MU,Micron,2022Q3,2022-07-01,1055,False,2022-09-01,6643000000.0,-0.1971235194585449,0.3947011892217372,0.22896281800391388,True,2022-10-07,2022-10-07,2022-10-07
MU,Micron,2022Q4,2022-10-01,379,False,2022-12-01,4085000000.0,-0.4685833224925199,0.2186046511627907,-0.05116279069767442,False,2022-12-22,2022-12-22,2022-12-22
MU,Micron,2023Q1,2023-01-01,234,False,2023-03-02,3693000000.0,-0.5256871307474955,-0.32656376929325753,-0.6236122393717844,False,2023-03-29,2023-03-29,2023-03-29
MU,Micron,2023Q2,2023-04-01,190,False,2023-06-01,3752000000.0,-0.5658412404535986,-0.17803837953091683,-0.4693496801705757,False,2023-06-29,2023-06-29,2023-06-29
MU,Micron,2023Q3,2023-07-01,171,False,2023-08-31,4010000000.0,-0.39635706758994427,-0.1084788029925187,-0.36708229426433914,True,2023-10-06,2023-10-06,2023-10-06
MU,Micron,2023Q4,2023-10-01,413,False,2023-11-30,4726000000.0,0.1569155446756425,-0.007405840033855269,-0.23867964451967838,False,2023-12-21,2023-12-21,2023-12-21
MU,Micron,2024Q1,2024-01-01,577,True,2024-02-29,5824000000.0,0.5770376387760627,0.18526785714285715,0.03279532967032967,False,2024-03-21,2024-03-21,2024-03-21
MU,Micron,2024Q2,2024-04-01,515,True,2024-05-30,6811000000.0,0.8152985074626866,0.2689766554103656,0.10556452796946117,False,2024-06-27,2024-06-27,2024-06-27
MU,Micron,2024Q3,2024-07-01,671,True,2024-08-29,7750000000.0,0.9326683291770574,0.35316129032258065,0.19638709677419355,True,2024-10-04,2024-10-04,2024-10-04
MU,Micron,2024Q4,2024-10-01,395,True,2024-11-28,8709000000.0,0.8427845958527296,0.3844299001033414,0.2496268228269606,False,2024-12-19,2024-12-19,2024-12-19
MU,Micron,2025Q1,2025-01-01,481,True,2025-02-27,8053000000.0,0.38272664835164827,0.36793741462808893,0.22016639761579535,False,2025-03-21,2025-03-21,2025-03-21
MU,Micron,2025Q2,2025-04-01,561,True,2025-05-29,9301000000.0,0.365585082954045,0.3771637458337813,0.23320073110418235,False,2025-06-26,2025-06-26,2025-06-26
MU,Micron,2025Q3,2025-07-01,448,True,2025-08-28,11315000000.0,0.45999999999999996,0.44666372072470173,0.32293415819708354,True,2025-10-03,2025-10-03,2025-10-03
MU,Micron,2025Q4,2025-10-01,127,True,2025-11-27,13643000000.0,0.5665403605465611,0.5604339221578831,0.4497544528329546,False,2025-12-18,2025-12-18,2025-12-18
MU,Micron,2026Q1,2026-01-01,0,True,2026-02-26,23860000000.0,1.9628709797590962,0.7441324392288349,0.6762363788767812,False,2026-03-19,2026-03-19,2026-03-19
