competitor,target,quarter,value
D1,t1_h4,2015Q1,0.23053221288515408
D1,t1_h4,2015Q2,-0.04761904761904762
D1,t1_h4,2015Q3,0.0773109243697479
D1,t1_h4,2015Q4,0.055462184873949584
D1,t1_h4,2016Q1,-0.24926686217008792
D1,t1_h4,2016Q2,-0.09860703812316715
D1,t1_h4,2016Q3,0.04879679144385027
D1,t1_h4,2016Q4,-0.16544117647058826
D1,t1_h4,2017Q1,-0.11430481283422461
D1,t1_h4,2017Q2,0.11133004926108372
D1,t1_h4,2017Q3,-0.12207792207792208
D1,t1_h4,2017Q4,-0.12693498452012383
D1,t1_h4,2018Q1,-0.1043956043956044
D1,t1_h4,2018Q2,0.1857142857142857
D1,t1_h4,2018Q3,0.29545454545454547
D1,t1_h4,2018Q4,0.13777777777777778
D1,t1_h4,2019Q1,0.01532567049808429
D1,t1_h4,2019Q2,-0.029009304871373837
D1,t1_h4,2019Q3,-0.14942528735632182
D1,t1_h4,2019Q4,0.0782703886152162
D1,t1_h4,2020Q1,0.0049261083743842365
D1,t1_h4,2020Q2,0.11767925561029009
D1,t1_h4,2020Q3,0.16178266178266176
D1,t1_h4,2020Q4,0.3724053724053724
D1,t1_h4,2021Q1,0.20580186097427478
D1,t1_h4,2021Q2,-0.0071154898741105635
D1,t1_h4,2021Q3,0.052545155993431854
D1,t1_h4,2021Q4,0.13683634373289547
D1,t1_h4,2022Q1,0.3278598795840175
D1,t1_h4,2022Q2,0.17733990147783252
D1,t1_h4,2022Q3,-0.1592775041050903
D1,t1_h4,2022Q4,-0.24466338259441706
D1,t1_h8,2015Q1,0.33944281524926684
D1,t1_h8,2015Q2,0.3218582887700535
D1,t1_h8,2015Q3,0.13636363636363638
D1,t1_h8,2015Q4,0.08785332314744079
D1,t1_h8,2016Q1,-0.02339572192513369
D1,t1_h8,2016Q2,0.10766129032258066
D1,t1_h8,2016Q3,0.16733870967741937
D1,t1_h8,2016Q4,0.15645161290322582
D1,t1_h8,2017Q1,0.14705228031145717
D1,t1_h8,2017Q2,-0.05006105006105006
D1,t1_h8,2017Q3,0.05714285714285714
D1,t1_h8,2017Q4,-0.21813725490196081
D1,t1_h8,2018Q1,0.43956043956043955
D1,t1_h8,2018Q2,0.42499999999999993
D1,t1_h8,2018Q3,0.3974025974025974
D1,t1_h8,2018Q4,-0.13391304347826086
D1,t1_h8,2019Q1,-0.3681318681318681
D1,t1_h8,2019Q2,-0.1684981684981685
D1,t1_h8,2019Q3,-0.25196581196581197
D1,t1_h8,2019Q4,-0.05504273504273505
D1,t1_h8,2020Q1,-0.02427350427350427
D1,t1_h8,2020Q2,0.006495726495726496
D1,t1_h8,2020Q3,-0.07897435897435896
D1,t1_h8,2020Q4,-0.030427350427350425
D1,t1_h8,2021Q1,-0.2019704433497537
D1,t1_h8,2021Q2,-0.14997263273125339
D1,t1_h8,2021Q3,0.06896551724137931
D1,t1_h8,2021Q4,0.04159824849480022
D1,t1_h8,2022Q1,-0.04159824849480022
D1,t1_h8,2022Q2,0.18445539135194308
D1,t1_h8,2022Q3,-0.042692939244663386
D1,t1_h8,2022Q4,-0.21018062397372742
D1,t2,2015Q1,0.7175925925925926
D1,t2,2015Q2,0.6071428571428571
D1,t2,2015Q3,0.6887755102040817
D1,t2,2015Q4,0.7142857142857143
D1,t2,2016Q1,0.26857142857142857
D1,t2,2016Q2,0.44571428571428573
D1,t2,2016Q3,0.47802197802197804
D1,t2,2016Q4,0.4012345679012346
D1,t2,2017Q1,0.46703296703296704
D1,t2,2017Q2,0.7391304347826086
D1,t2,2017Q3,0.6176470588235294
D1,t2,2017Q4,0.4888888888888889
D1,t2,2018Q1,0.8181818181818182
D1,t2,2018Q2,0.75
D1,t2,2018Q3,0.6372549019607843
D1,t2,2018Q4,0.425
D1,t2,2019Q1,0.5075757575757576
D1,t2,2019Q2,0.44696969696969696
D1,t2,2019Q3,0.6054421768707483
D1,t2,2019Q4,0.6054421768707483
D1,t2,2020Q1,0.696969696969697
D1,t2,2020Q2,0.7304347826086957
D1,t2,2020Q3,0.5873015873015873
D1,t2,2020Q4,0.6904761904761905
D1,t2,2021Q1,0.7424242424242424
D1,t2,2021Q2,0.5151515151515151
D1,t2,2021Q3,0.45454545454545453
D1,t2,2021Q4,0.4318181818181818
D1,t2,2022Q1,0.6287878787878788
D1,t2,2022Q2,0.5303030303030303
D1,t2,2022Q3,0.5
D1,t2,2022Q4,0.2727272727272727
D1,t3,2015Q1,0.12240896358543418
D1,t3,2015Q2,-0.19691119691119693
D1,t3,2015Q3,0.04873949579831933
D1,t3,2015Q4,-0.3243697478991597
D1,t3,2016Q1,-0.12683284457478003
D1,t3,2016Q2,-0.19391495601173017
D1,t3,2016Q3,0.04779411764705883
D1,t3,2016Q4,0.10762032085561499
D1,t3,2017Q1,0.13770053475935828
D1,t3,2017Q2,-0.0817733990147783
D1,t3,2017Q3,0.04935064935064935
D1,t3,2017Q4,0.17647058823529413
D1,t3,2018Q1,-0.005494505494505494
D1,t3,2018Q2,-0.12058823529411765
D1,t3,2018Q3,0.34980237154150196
D1,t3,2018Q4,-0.06803418803418802
D1,t3,2019Q1,-0.05856595511767926
D1,t3,2019Q2,-0.19649698960043788
D1,t3,2019Q3,0.10454296661193212
D1,t3,2019Q4,-0.3541324575807335
D1,t3,2020Q1,-0.2676518883415435
D1,t3,2020Q2,-0.13519430760810072
D1,t3,2020Q3,-0.0293040293040293
D1,t3,2020Q4,-0.05006105006105006
D1,t3,2021Q1,-0.3787629994526546
D1,t3,2021Q2,-0.18773946360153257
D1,t3,2021Q3,-0.08319649698960044
D1,t3,2021Q4,0.17788724685276408
D1,t3,2022Q1,0.2818828680897646
D1,t3,2022Q2,0.10071154898741107
D1,t3,2022Q3,-0.05473453749315818
D1,t3,2022Q4,-0.051450465243568694
D2,t1_h4,2015Q1,0.18780068533958214
D2,t1_h4,2015Q2,-0.027894210450095054
D2,t1_h4,2015Q3,0.08161787535621393
D2,t1_h4,2015Q4,0.08647964614056115
D2,t1_h4,2016Q1,-0.19900638587661115
D2,t1_h4,2016Q2,-0.0453986247815383
D2,t1_h4,2016Q3,0.08578947260389065
D2,t1_h4,2016Q4,-0.2017465614454154
D2,t1_h4,2017Q1,-0.13455455366055177
D2,t1_h4,2017Q2,0.05403101668651396
D2,t1_h4,2017Q3,-0.17112606611396963
D2,t1_h4,2017Q4,-0.15687348309787477
D2,t1_h4,2018Q1,-0.04202488610103944
D2,t1_h4,2018Q2,0.2803119426232653
D2,t1_h4,2018Q3,0.3340810718748696
D2,t1_h4,2018Q4,0.10508412868505705
D2,t1_h4,2019Q1,0.056221429428795086
D2,t1_h4,2019Q2,-0.023495522746362126
D2,t1_h4,2019Q3,-0.1520311495865219
D2,t1_h4,2019Q4,0.06590768348101583
D2,t1_h4,2020Q1,0.045033085263860746
D2,t1_h4,2020Q2,0.11793592853954456
D2,t1_h4,2020Q3,0.12366621553689532
D2,t1_h4,2020Q4,0.36382416148451246
D2,t1_h4,2021Q1,0.16211516900861733
D2,t1_h4,2021Q2,-0.04998930230127895
D2,t1_h4,2021Q3,0.04978813153395784
D2,t1_h4,2021Q4,0.1522020656659052
D2,t1_h4,2022Q1,0.3345652746197329
D2,t1_h4,2022Q2,0.21519114923092256
D2,t1_h4,2022Q3,-0.21519114923092256
D2,t1_h4,2022Q4,-0.24575746382751665
D2,t1_h8,2015Q1,0.38026548425044293
D2,t1_h8,2015Q2,0.3224985516969887
D2,t1_h8,2015Q3,0.0877826998771176
D2,t1_h8,2015Q4,0.0581231852404896
D2,t1_h8,2016Q1,-0.03492986821875949
D2,t1_h8,2016Q2,0.13994869792380413
D2,t1_h8,2016Q3,0.205674328082152
D2,t1_h8,2016Q4,0.1226854902381552
D2,t1_h8,2017Q1,0.15510142404835023
D2,t1_h8,2017Q2,-0.10256282703555457
D2,t1_h8,2017Q3,-0.021493486733236724
D2,t1_h8,2017Q4,-0.11627325697732582
D2,t1_h8,2018Q1,0.4202488610103943
D2,t1_h8,2018Q2,0.4832420495208514
D2,t1_h8,2018Q3,0.4006207129179754
D2,t1_h8,2018Q4,-0.12166967497992665
D2,t1_h8,2019Q1,-0.38880095517517715
D2,t1_h8,2019Q2,-0.11437066650606226
D2,t1_h8,2019Q3,-0.2793928324804892
D2,t1_h8,2019Q4,0.0286531188703991
D2,t1_h8,2020Q1,-0.03840283772543613
D2,t1_h8,2020Q2,-0.024089052755046303
D2,t1_h8,2020Q3,0.011880561482848408
D2,t1_h8,2020Q4,-0.020928357975090496
D2,t1_h8,2021Q1,-0.24568833372168045
D2,t1_h8,2021Q2,-0.194371812299945
D2,t1_h8,2021Q3,0.019859310892758466
D2,t1_h8,2021Q4,0.050268572146537495
D2,t1_h8,2022Q1,-0.0717723502314452
D2,t1_h8,2022Q2,0.1464417690870174
D2,t1_h8,2022Q3,-0.03744884934668003
D2,t1_h8,2022Q4,-0.24882943212536066
D2,t2,2015Q1,0.6851851851851852
D2,t2,2015Q2,0.6294642857142857
D2,t2,2015Q3,0.6989795918367347
D2,t2,2015Q4,0.7244897959183674
D2,t2,2016Q1,0.31142857142857144
D2,t2,2016Q2,0.4942857142857143
D2,t2,2016Q3,0.5
D2,t2,2016Q4,0.41358024691358025
D2,t2,2017Q1,0.42032967032967034
D2,t2,2017Q2,0.6992753623188406
D2,t2,2017Q3,0.5735294117647058
D2,t2,2017Q4,0.43333333333333335
D2,t2,2018Q1,0.8409090909090909
D2,t2,2018Q2,0.7777777777777778
D2,t2,2018Q3,0.6372549019607843
D2,t2,2018Q4,0.425
D2,t2,2019Q1,0.5454545454545454
D2,t2,2019Q2,0.4583333333333333
D2,t2,2019Q3,0.608843537414966
D2,t2,2019Q4,0.5850340136054422
D2,t2,2020Q1,0.7159090909090909
D2,t2,2020Q2,0.7260869565217392
D2,t2,2020Q3,0.5793650793650794
D2,t2,2020Q4,0.6944444444444444
D2,t2,2021Q1,0.7348484848484849
D2,t2,2021Q2,0.5075757575757576
D2,t2,2021Q3,0.4772727272727273
D2,t2,2021Q4,0.4431818181818182
D2,t2,2022Q1,0.6325757575757576
D2,t2,2022Q2,0.5454545454545454
D2,t2,2022Q3,0.4621212121212121
D2,t2,2022Q4,0.2916666666666667
D2,t3,2015Q1,0.117143001746472
D2,t3,2015Q2,-0.18789119114497987
D2,t3,2015Q3,0.09180217966252534
D2,t3,2015Q4,-0.3327461881302386
D2,t3,2016Q1,-0.15000575690133233
D2,t3,2016Q2,-0.19134957552549198
D2,t3,2016Q3,0.07057978522989411
D2,t3,2016Q4,0.08850926913792949
D2,t3,2017Q1,0.07674214087103713
D2,t3,2017Q2,-0.045989190947125835
D2,t3,2017Q3,0.061684977320151844
D2,t3,2017Q4,0.12844674454993774
D2,t3,2018Q1,0.09805806756909202
D2,t3,2018Q2,-0.07665230614186608
D2,t3,2018Q3,0.32297867975818206
D2,t3,2018Q4,-0.10438589527186731
D2,t3,2019Q1,-0.048949005721587766
D2,t3,2019Q2,-0.20027136055232478
D2,t3,2019Q3,0.1078750436404365
D2,t3,2019Q4,-0.35104219548998683
D2,t3,2020Q1,-0.18181059268018313
D2,t3,2020Q2,-0.13246831783825622
D2,t3,2020Q3,-0.023733920153545567
D2,t3,2020Q4,-0.0317723154721064
D2,t3,2021Q1,-0.37034930851106546
D2,t3,2021Q2,-0.1575081927258175
D2,t3,2021Q3,-0.15076293762249032
D2,t3,2021Q4,0.1502471767490954
D2,t3,2022Q1,0.284575972318454
D2,t3,2022Q2,0.14755964518691833
D2,t3,2022Q3,-0.09557840654152663
D2,t3,2022Q4,-0.018431809787063748
A_feas,t1_h4,2015Q1,-0.18207282913165268
A_feas,t1_h4,2015Q2,-0.06162464985994398
A_feas,t1_h4,2015Q3,-0.2213903743315508
A_feas,t1_h4,2015Q4,-0.12549019607843137
A_feas,t1_h4,2016Q1,-0.15139296187683285
A_feas,t1_h4,2016Q2,0.01759530791788856
A_feas,t1_h4,2016Q3,-0.08288770053475936
A_feas,t1_h4,2016Q4,-0.026737967914438505
A_feas,t1_h4,2017Q1,-0.28141711229946526
A_feas,t1_h4,2017Q2,-0.31674876847290634
A_feas,t1_h4,2017Q3,-0.24805194805194808
A_feas,t1_h4,2017Q4,0.023735810113519093
A_feas,t1_h4,2018Q1,0.38461538461538464
A_feas,t1_h4,2018Q2,0.0857142857142857
A_feas,t1_h4,2018Q3,-0.0691699604743083
A_feas,t1_h4,2018Q4,0.04205128205128204
A_feas,t1_h4,2019Q1,-0.1116584564860427
A_feas,t1_h4,2019Q2,0.06622879036672139
A_feas,t1_h4,2019Q3,0.19594964422550626
A_feas,t1_h4,2019Q4,0.18062397372742198
A_feas,t1_h4,2020Q1,-0.1592993035309236
A_feas,t1_h4,2020Q2,-0.052545155993431854
A_feas,t1_h4,2020Q3,-0.09096459096459096
A_feas,t1_h4,2020Q4,-0.07936507936507936
A_feas,t1_h4,2021Q1,0.16748768472906403
A_feas,t1_h4,2021Q2,0.18664477285166942
A_feas,t1_h4,2021Q3,0.09250136836343732
A_feas,t1_h4,2021Q4,0.0864924053535599
A_feas,t1_h4,2022Q1,0.031746031746031744
A_feas,t1_h4,2022Q2,0.04050355774493705
A_feas,t1_h4,2022Q3,0.021893814997263273
A_feas,t1_h4,2022Q4,0.05282605770011728
A_feas,t1_h8,2015Q1,-0.0784457478005865
A_feas,t1_h8,2015Q2,-0.059384164222873896
A_feas,t1_h8,2015Q3,-0.1378299120234604
A_feas,t1_h8,2015Q4,-0.09427043544690604
A_feas,t1_h8,2016Q1,-0.3108288770053476
A_feas,t1_h8,2016Q2,-0.480241935483871
A_feas,t1_h8,2016Q3,-0.1975806451612903
A_feas,t1_h8,2016Q4,-0.1028225806451613
A_feas,t1_h8,2017Q1,0.14571746384872078
A_feas,t1_h8,2017Q2,-0.028083028083028084
A_feas,t1_h8,2017Q3,-0.3293233082706767
A_feas,t1_h8,2017Q4,0.04166666666666667
A_feas,t1_h8,2018Q1,0.16483516483516483
A_feas,t1_h8,2018Q2,-0.13928571428571426
A_feas,t1_h8,2018Q3,0.37272727272727274
A_feas,t1_h8,2018Q4,0.23130434782608694
A_feas,t1_h8,2019Q1,0.004273504273504274
A_feas,t1_h8,2019Q2,-0.12148962148962149
A_feas,t1_h8,2019Q3,-0.1917948717948718
A_feas,t1_h8,2019Q4,-0.06940170940170941
A_feas,t1_h8,2020Q1,0.03316806340149801
A_feas,t1_h8,2020Q2,0.16786324786324786
A_feas,t1_h8,2020Q3,0.13572649572649573
A_feas,t1_h8,2020Q4,0.055726495726495726
A_feas,t1_h8,2021Q1,-0.02079912424740011
A_feas,t1_h8,2021Q2,-0.0870279146141215
A_feas,t1_h8,2021Q3,-0.00930487137383689
A_feas,t1_h8,2021Q4,-0.013959217319720111
A_feas,t1_h8,2022Q1,-0.050355774493705534
A_feas,t1_h8,2022Q2,-0.0996168582375479
A_feas,t1_h8,2022Q3,-0.21237000547345375
A_feas,t1_h8,2022Q4,-0.24852881031972276
A_feas,t2,2015Q1,0.4027777777777778
A_feas,t2,2015Q2,0.49074074074074076
A_feas,t2,2015Q3,0.5502645502645502
A_feas,t2,2015Q4,0.5918367346938775
A_feas,t2,2016Q1,0.49142857142857144
A_feas,t2,2016Q2,0.5657142857142857
A_feas,t2,2016Q3,0.4340659340659341
A_feas,t2,2016Q4,0.4382716049382716
A_feas,t2,2017Q1,0.3021978021978022
A_feas,t2,2017Q2,0.42028985507246375
A_feas,t2,2017Q3,0.29411764705882354
A_feas,t2,2017Q4,0.3333333333333333
A_feas,t2,2018Q1,0.5909090909090909
A_feas,t2,2018Q2,0.9166666666666666
A_feas,t2,2018Q3,0.6078431372549019
A_feas,t2,2018Q4,0.49166666666666664
A_feas,t2,2019Q1,0.4393939393939394
A_feas,t2,2019Q2,0.6515151515151515
A_feas,t2,2019Q3,0.6870748299319728
A_feas,t2,2019Q4,0.6870748299319728
A_feas,t2,2020Q1,0.3712121212121212
A_feas,t2,2020Q2,0.5652173913043478
A_feas,t2,2020Q3,0.5158730158730159
A_feas,t2,2020Q4,0.373015873015873
A_feas,t2,2021Q1,0.5227272727272727
A_feas,t2,2021Q2,0.5378787878787878
A_feas,t2,2021Q3,0.4090909090909091
A_feas,t2,2021Q4,0.4810606060606061
A_feas,t2,2022Q1,0.5151515151515151
A_feas,t2,2022Q2,0.5454545454545454
A_feas,t2,2022Q3,0.6060606060606061
A_feas,t2,2022Q4,0.44696969696969696
A_feas,t3,2015Q1,0.07815126050420168
A_feas,t3,2015Q2,0.2204481792717087
A_feas,t3,2015Q3,0.21772345301757062
A_feas,t3,2015Q4,0.08599439775910364
A_feas,t3,2016Q1,-0.1444281524926686
A_feas,t3,2016Q2,-0.156891495601173
A_feas,t3,2016Q3,0.05882352941176471
A_feas,t3,2016Q4,-0.1607620320855615
A_feas,t3,2017Q1,-0.09625668449197862
A_feas,t3,2017Q2,0.0004926108374384235
A_feas,t3,2017Q3,0.0012987012987012987
A_feas,t3,2017Q4,-0.06707946336429307
A_feas,t3,2018Q1,0.005494505494505494
A_feas,t3,2018Q2,0.0029411764705882353
A_feas,t3,2018Q3,0.06422924901185771
A_feas,t3,2018Q4,0.13709401709401706
A_feas,t3,2019Q1,-0.09852216748768472
A_feas,t3,2019Q2,-0.15818281335522713
A_feas,t3,2019Q3,-0.0049261083743842365
A_feas,t3,2019Q4,-0.14285714285714285
A_feas,t3,2020Q1,0.2134939119486605
A_feas,t3,2020Q2,0.2764094143404488
A_feas,t3,2020Q3,-0.06715506715506715
A_feas,t3,2020Q4,-0.2667887667887668
A_feas,t3,2021Q1,-0.4805692391899289
A_feas,t3,2021Q2,-0.3973727422003284
A_feas,t3,2021Q3,0.06677613574165298
A_feas,t3,2021Q4,0.13439168047024655
A_feas,t3,2022Q1,0.10892172961138478
A_feas,t3,2022Q2,0.22660098522167485
A_feas,t3,2022Q3,0.03229337712096333
A_feas,t3,2022Q4,-0.08211304305717712
A_orac,t1_h4,2015Q1,0.08536354302759926
A_orac,t1_h4,2015Q2,-0.04210825782364495
A_orac,t1_h4,2015Q3,0.10650099957789298
A_orac,t1_h4,2015Q4,0.1328189337238633
A_orac,t1_h4,2016Q1,-0.22101796873051333
A_orac,t1_h4,2016Q2,0.01334404215139298
A_orac,t1_h4,2016Q3,-0.01586847092145961
A_orac,t1_h4,2016Q4,-0.08092769079332139
A_orac,t1_h4,2017Q1,-0.2841106094720145
A_orac,t1_h4,2017Q2,-0.24391576504421641
A_orac,t1_h4,2017Q3,-0.34419350956110334
A_orac,t1_h4,2017Q4,-0.1919112951172963
A_orac,t1_h4,2018Q1,0.24514912603637626
A_orac,t1_h4,2018Q2,0.1091089451179962
A_orac,t1_h4,2018Q3,0.025819583419323895
A_orac,t1_h4,2018Q4,-0.06725039354313357
A_orac,t1_h4,2019Q1,-0.11583356942491162
A_orac,t1_h4,2019Q2,-0.20960360181650672
A_orac,t1_h4,2019Q3,-0.04556077653946408
A_orac,t1_h4,2019Q4,0.17343643791383623
A_orac,t1_h4,2020Q1,-0.1306441544143669
A_orac,t1_h4,2020Q2,-0.11948490252321257
A_orac,t1_h4,2020Q3,-0.06573927657025291
A_orac,t1_h4,2020Q4,-0.29952864069219415
A_orac,t1_h4,2021Q1,0.012074688715520244
A_orac,t1_h4,2021Q2,-0.08497279748052629
A_orac,t1_h4,2021Q3,-0.2921016970015885
A_orac,t1_h4,2021Q4,-0.21531941885842099
A_orac,t1_h4,2022Q1,-0.08892585300473713
A_orac,t1_h4,2022Q2,-0.08494461757826852
A_orac,t1_h4,2022Q3,-0.051148674211578926
A_orac,t1_h4,2022Q4,0.08832269321659407
A_orac,t1_h8,2015Q1,-0.08973108880240475
A_orac,t1_h8,2015Q2,-0.12088783686969169
A_orac,t1_h8,2015Q3,-0.10061285818287156
A_orac,t1_h8,2015Q4,-0.13374234199816423
A_orac,t1_h8,2016Q1,-0.33453592316938113
A_orac,t1_h8,2016Q2,-0.3896034715791863
A_orac,t1_h8,2016Q3,-0.3187994110975254
A_orac,t1_h8,2016Q4,-0.12692824177967565
A_orac,t1_h8,2017Q1,0.16418490809301842
A_orac,t1_h8,2017Q2,0.018863681155615476
A_orac,t1_h8,2017Q3,-0.2826917959432124
A_orac,t1_h8,2017Q4,-0.016029897746348252
A_orac,t1_h8,2018Q1,0.07243042360165661
A_orac,t1_h8,2018Q2,-0.30271498746570785
A_orac,t1_h8,2018Q3,0.2488612550897899
A_orac,t1_h8,2018Q4,0.13684937986136014
A_orac,t1_h8,2019Q1,-0.010127505269305743
A_orac,t1_h8,2019Q2,-0.06404178858527934
A_orac,t1_h8,2019Q3,-0.14959781420819507
A_orac,t1_h8,2019Q4,-0.3193843836389134
A_orac,t1_h8,2020Q1,0.12969718754747186
A_orac,t1_h8,2020Q2,0.008219190131820223
A_orac,t1_h8,2020Q3,-0.10584022891762818
A_orac,t1_h8,2020Q4,-0.1186607908474216
A_orac,t1_h8,2021Q1,-0.0801320251120889
A_orac,t1_h8,2021Q2,-0.07837296854999996
A_orac,t1_h8,2021Q3,-0.016889292433267204
A_orac,t1_h8,2021Q4,0.15867088720473677
A_orac,t1_h8,2022Q1,0.08947477802328486
A_orac,t1_h8,2022Q2,0.15168681710405094
A_orac,t1_h8,2022Q3,0.16087083018157886
A_orac,t1_h8,2022Q4,-0.2713361735180633
A_orac,t2,2015Q1,0.5625
A_orac,t2,2015Q2,0.45982142857142855
A_orac,t2,2015Q3,0.6479591836734694
A_orac,t2,2015Q4,0.6556122448979592
A_orac,t2,2016Q1,0.36
A_orac,t2,2016Q2,0.6057142857142858
A_orac,t2,2016Q3,0.44505494505494503
A_orac,t2,2016Q4,0.5246913580246914
A_orac,t2,2017Q1,0.3901098901098901
A_orac,t2,2017Q2,0.4746376811594203
A_orac,t2,2017Q3,0.20588235294117646
A_orac,t2,2017Q4,0.26666666666666666
A_orac,t2,2018Q1,0.4318181818181818
A_orac,t2,2018Q2,0.9166666666666666
A_orac,t2,2018Q3,0.6274509803921569
A_orac,t2,2018Q4,0.525
A_orac,t2,2019Q1,0.4772727272727273
A_orac,t2,2019Q2,0.5227272727272727
A_orac,t2,2019Q3,0.564625850340136
A_orac,t2,2019Q4,0.6326530612244898
A_orac,t2,2020Q1,0.2878787878787879
A_orac,t2,2020Q2,0.508695652173913
A_orac,t2,2020Q3,0.42063492063492064
A_orac,t2,2020Q4,0.3888888888888889
A_orac,t2,2021Q1,0.44696969696969696
A_orac,t2,2021Q2,0.4696969696969697
A_orac,t2,2021Q3,0.30303030303030304
A_orac,t2,2021Q4,0.42803030303030304
A_orac,t2,2022Q1,0.5037878787878788
A_orac,t2,2022Q2,0.5833333333333334
A_orac,t2,2022Q3,0.5
A_orac,t2,2022Q4,0.5416666666666666
A_orac,t3,2015Q1,0.20442322146082978
A_orac,t3,2015Q2,0.25006621824103253
A_orac,t3,2015Q3,0.15057037871357284
A_orac,t3,2015Q4,-0.05279061213548901
A_orac,t3,2016Q1,-0.19453994252652504
A_orac,t3,2016Q2,-0.27132885707832394
A_orac,t3,2016Q3,-0.21405554391926365
A_orac,t3,2016Q4,-0.2716618334099461
A_orac,t3,2017Q1,-0.2048356704546455
A_orac,t3,2017Q2,-0.03260506655182892
A_orac,t3,2017Q3,0.013794014696151085
A_orac,t3,2017Q4,0.0778018763989039
A_orac,t3,2018Q1,0.11143142092562557
A_orac,t3,2018Q2,0.06269355057278586
A_orac,t3,2018Q3,0.009930609007432268
A_orac,t3,2018Q4,0.06210367975156722
A_orac,t3,2019Q1,-0.04192072036330135
A_orac,t3,2019Q2,-0.15499634765904838
A_orac,t3,2019Q3,0.1276250668123542
A_orac,t3,2019Q4,-0.1657525450948688
A_orac,t3,2020Q1,0.08618122791199832
A_orac,t3,2020Q2,0.26582650331999125
A_orac,t3,2020Q3,-0.09784450466270199
A_orac,t3,2020Q4,-0.3434144968591857
A_orac,t3,2021Q1,-0.2650943022543763
A_orac,t3,2021Q2,-0.542560936663684
A_orac,t3,2021Q3,-0.251678144620326
A_orac,t3,2021Q4,-0.07617302557315786
A_orac,t3,2022Q1,0.062028527095896874
A_orac,t3,2022Q2,0.2642108559739651
A_orac,t3,2022Q3,0.012924664988947364
A_orac,t3,2022Q4,0.083892714873442
B,t1_h4,2015Q1,0.21148459383753504
B,t1_h4,2015Q2,0.13837535014005603
B,t1_h4,2015Q3,0.147440794499618
B,t1_h4,2015Q4,0.2696715049656226
B,t1_h4,2016Q1,0.21532258064516133
B,t1_h4,2016Q2,0.3842741935483871
B,t1_h4,2016Q3,0.31598240469208205
B,t1_h4,2016Q4,0.15615835777126097
B,t1_h4,2017Q1,0.07001466275659823
B,t1_h4,2017Q2,-0.0240831964969896
B,t1_h4,2017Q3,0.37293233082706767
B,t1_h4,2017Q4,0.37048503611971106
B,t1_h4,2018Q1,0.26373626373626374
B,t1_h4,2018Q2,-0.075
B,t1_h4,2018Q3,-0.1101072840203275
B,t1_h4,2018Q4,-0.13384615384615384
B,t1_h4,2019Q1,-0.3156288156288157
B,t1_h4,2019Q2,-0.016420361247947456
B,t1_h4,2019Q3,0.07881773399014778
B,t1_h4,2019Q4,0.06105006105006105
B,t1_h4,2020Q1,0.22466422466422467
B,t1_h4,2020Q2,-0.0927960927960928
B,t1_h4,2020Q3,-0.2676923076923077
B,t1_h4,2020Q4,-0.05538461538461539
B,t1_h4,2021Q1,-0.13777777777777778
B,t1_h4,2021Q2,-0.24444444444444444
B,t1_h4,2021Q3,-0.28478632478632476
B,t1_h4,2021Q4,-0.388034188034188
B,t1_h4,2022Q1,-0.41743589743589743
B,t1_h4,2022Q2,-0.30324786324786324
B,t1_h4,2022Q3,-0.1952136752136752
B,t1_h4,2022Q4,-0.28205128205128205
B,t1_h8,2015Q1,0.18291788856304986
B,t1_h8,2015Q2,0.32991202346041054
B,t1_h8,2015Q3,0.3082844574780058
B,t1_h8,2015Q4,0.1895053475935829
B,t1_h8,2016Q1,0.13929618768328444
B,t1_h8,2016Q2,0.19911012235817574
B,t1_h8,2016Q3,0.11857619577308119
B,t1_h8,2016Q4,0.11857619577308119
B,t1_h8,2017Q1,0.13990147783251228
B,t1_h8,2017Q2,-0.29299145299145296
B,t1_h8,2017Q3,-0.2771929824561403
B,t1_h8,2017Q4,-0.18137254901960786
B,t1_h8,2018Q1,-0.23626373626373626
B,t1_h8,2018Q2,0.21428571428571427
B,t1_h8,2018Q3,0.04360902255639097
B,t1_h8,2018Q4,-0.058300395256917006
B,t1_h8,2019Q1,0.08854700854700855
B,t1_h8,2019Q2,0.026862026862026864
B,t1_h8,2019Q3,-0.18017094017094015
B,t1_h8,2019Q4,0.13076923076923078
B,t1_h8,2020Q1,-0.19615384615384615
B,t1_h8,2020Q2,-0.3192307692307692
B,t1_h8,2020Q3,-0.2723076923076923
B,t1_h8,2020Q4,-0.19652173913043475
B,t1_h8,2021Q1,-0.17128205128205126
B,t1_h8,2021Q2,-0.07965811965811966
B,t1_h8,2021Q3,0.30393162393162393
B,t1_h8,2021Q4,0.2526495726495726
B,t1_h8,2022Q1,0.2793162393162393
B,t1_h8,2022Q2,0.228034188034188
B,t1_h8,2022Q3,0.005128205128205127
B,t1_h8,2022Q4,-0.21367521367521367
B,t2,2015Q1,0.6805555555555556
B,t2,2015Q2,0.6944444444444444
B,t2,2015Q3,0.708994708994709
B,t2,2015Q4,0.6309523809523809
B,t2,2016Q1,0.6666666666666666
B,t2,2016Q2,0.7678571428571429
B,t2,2016Q3,0.7028571428571428
B,t2,2016Q4,0.7051282051282052
B,t2,2017Q1,0.6285714285714286
B,t2,2017Q2,0.5303030303030303
B,t2,2017Q3,0.75
B,t2,2017Q4,0.8444444444444444
B,t2,2018Q1,0.6363636363636364
B,t2,2018Q2,0.2777777777777778
B,t2,2018Q3,0.4166666666666667
B,t2,2018Q4,0.38596491228070173
B,t2,2019Q1,0.47619047619047616
B,t2,2019Q2,0.4621212121212121
B,t2,2019Q3,0.4965986394557823
B,t2,2019Q4,0.4714285714285714
B,t2,2020Q1,0.6111111111111112
B,t2,2020Q2,0.41818181818181815
B,t2,2020Q3,0.4583333333333333
B,t2,2020Q4,0.5701754385964912
B,t2,2021Q1,0.575
B,t2,2021Q2,0.4666666666666667
B,t2,2021Q3,0.3333333333333333
B,t2,2021Q4,0.20952380952380953
B,t2,2022Q1,0.23809523809523808
B,t2,2022Q2,0.5428571428571428
B,t2,2022Q3,0.3904761904761905
B,t2,2022Q4,0.42063492063492064
B,t3,2015Q1,-0.2742296918767507
B,t3,2015Q2,-0.4442577030812326
B,t3,2015Q3,-0.24033613445378152
B,t3,2015Q4,-0.028877005347593583
B,t3,2016Q1,-0.04717741935483871
B,t3,2016Q2,-0.28709677419354845
B,t3,2016Q3,-0.03665689149560117
B,t3,2016Q4,0.004032258064516129
B,t3,2017Q1,-0.007697947214076245
B,t3,2017Q2,0.09742747673782157
B,t3,2017Q3,-0.1894736842105263
B,t3,2017Q4,-0.24045407636738902
B,t3,2018Q1,-0.24175824175824176
B,t3,2018Q2,-0.6
B,t3,2018Q3,-0.24675324675324675
B,t3,2018Q4,-0.43153846153846154
B,t3,2019Q1,0.0036630036630036626
B,t3,2019Q2,0.3470169677066229
B,t3,2019Q3,0.5073891625615763
B,t3,2019Q4,0.42124542124542125
B,t3,2020Q1,0.2277167277167277
B,t3,2020Q2,0.2295482295482295
B,t3,2020Q3,0.15076923076923074
B,t3,2020Q4,-0.07307692307692308
B,t3,2021Q1,-0.28683760683760684
B,t3,2021Q2,-0.4803418803418803
B,t3,2021Q3,-0.24444444444444444
B,t3,2021Q4,-0.06871794871794872
B,t3,2022Q1,-0.05025641025641025
B,t3,2022Q2,0.1863247863247863
B,t3,2022Q3,0.18085470085470085
B,t3,2022Q4,0.0989010989010989
C,t1_h4,2015Q1,-0.2019607843137255
C,t1_h4,2015Q2,-0.06022408963585435
C,t1_h4,2015Q3,0.08510313216195568
C,t1_h4,2015Q4,-0.04079449961802903
C,t1_h4,2016Q1,-0.10846774193548388
C,t1_h4,2016Q2,0.20766129032258068
C,t1_h4,2016Q3,-0.219574780058651
C,t1_h4,2016Q4,-0.15139296187683285
C,t1_h4,2017Q1,-0.10850439882697946
C,t1_h4,2017Q2,-0.3393541324575807
C,t1_h4,2017Q3,-0.26315789473684204
C,t1_h4,2017Q4,-0.11867905056759545
C,t1_h4,2018Q1,0.34065934065934067
C,t1_h4,2018Q2,0.25
C,t1_h4,2018Q3,-0.14059853190287974
C,t1_h4,2018Q4,-0.15461538461538463
C,t1_h4,2019Q1,-0.10256410256410256
C,t1_h4,2019Q2,-0.1231527093596059
C,t1_h4,2019Q3,-0.08757525998905309
C,t1_h4,2019Q4,0.08424908424908426
C,t1_h4,2020Q1,-0.06776556776556776
C,t1_h4,2020Q2,0.07264957264957266
C,t1_h4,2020Q3,0.17538461538461536
C,t1_h4,2020Q4,0.24923076923076923
C,t1_h4,2021Q1,0.1904273504273504
C,t1_h4,2021Q2,0.29777777777777775
C,t1_h4,2021Q3,0.10974358974358973
C,t1_h4,2021Q4,0.094017094017094
C,t1_h4,2022Q1,0.13846153846153844
C,t1_h4,2022Q2,-0.20068376068376068
C,t1_h4,2022Q3,-0.427008547008547
C,t1_h4,2022Q4,-0.35347985347985345
C,t1_h8,2015Q1,0.18951612903225803
C,t1_h8,2015Q2,0.3324780058651026
C,t1_h8,2015Q3,-0.033357771260997066
C,t1_h8,2015Q4,-0.0855614973262032
C,t1_h8,2016Q1,-0.3903958944281524
C,t1_h8,2016Q2,-0.13726362625139044
C,t1_h8,2016Q3,-0.2863181312569522
C,t1_h8,2016Q4,-0.20934371523915463
C,t1_h8,2017Q1,-0.15221674876847288
C,t1_h8,2017Q2,-0.10769230769230768
C,t1_h8,2017Q3,-0.5526315789473685
C,t1_h8,2017Q4,0.03431372549019608
C,t1_h8,2018Q1,0.32967032967032966
C,t1_h8,2018Q2,0.0035714285714285704
C,t1_h8,2018Q3,0.019548872180451125
C,t1_h8,2018Q4,-0.09782608695652174
C,t1_h8,2019Q1,-0.07487179487179485
C,t1_h8,2019Q2,0.11843711843711843
C,t1_h8,2019Q3,0.07282051282051281
C,t1_h8,2019Q4,0.12692307692307694
C,t1_h8,2020Q1,0.10153846153846155
C,t1_h8,2020Q2,-0.02692307692307692
C,t1_h8,2020Q3,0.19615384615384615
C,t1_h8,2020Q4,0.1695652173913043
C,t1_h8,2021Q1,0.18017094017094015
C,t1_h8,2021Q2,0.11794871794871793
C,t1_h8,2021Q3,-0.0037606837606837602
C,t1_h8,2021Q4,-0.20615384615384613
C,t1_h8,2022Q1,-0.34769230769230763
C,t1_h8,2022Q2,-0.19931623931623932
C,t1_h8,2022Q3,-0.23350427350427347
C,t1_h8,2022Q4,-0.22527472527472528
C,t2,2015Q1,0.4027777777777778
C,t2,2015Q2,0.4305555555555556
C,t2,2015Q3,0.6931216931216931
C,t2,2015Q4,0.6904761904761905
C,t2,2016Q1,0.4166666666666667
C,t2,2016Q2,0.4583333333333333
C,t2,2016Q3,0.3942857142857143
C,t2,2016Q4,0.4230769230769231
C,t2,2017Q1,0.5028571428571429
C,t2,2017Q2,0.3106060606060606
C,t2,2017Q3,0.296875
C,t2,2017Q4,0.4666666666666667
C,t2,2018Q1,0.5909090909090909
C,t2,2018Q2,0.8888888888888888
C,t2,2018Q3,0.4270833333333333
C,t2,2018Q4,0.30701754385964913
C,t2,2019Q1,0.35714285714285715
C,t2,2019Q2,0.5378787878787878
C,t2,2019Q3,0.38095238095238093
C,t2,2019Q4,0.5285714285714286
C,t2,2020Q1,0.42857142857142855
C,t2,2020Q2,0.4727272727272727
C,t2,2020Q3,0.6
C,t2,2020Q4,0.631578947368421
C,t2,2021Q1,0.49166666666666664
C,t2,2021Q2,0.6083333333333333
C,t2,2021Q3,0.5
C,t2,2021Q4,0.4666666666666667
C,t2,2022Q1,0.6095238095238096
C,t2,2022Q2,0.3142857142857143
C,t2,2022Q3,0.42857142857142855
C,t2,2022Q4,0.29365079365079366
C,t3,2015Q1,0.16918767507002805
C,t3,2015Q2,0.146218487394958
C,t3,2015Q3,-0.08143621084797555
C,t3,2015Q4,-0.09182582123758594
C,t3,2016Q1,-0.29596774193548386
C,t3,2016Q2,0.044758064516129036
C,t3,2016Q3,-0.07624633431085043
C,t3,2016Q4,-0.32954545454545453
C,t3,2017Q1,0.03519061583577712
C,t3,2017Q2,-0.015873015873015872
C,t3,2017Q3,-0.07218045112781954
C,t3,2017Q4,0.0010319917440660476
C,t3,2018Q1,-0.021978021978021976
C,t3,2018Q2,0.023529411764705882
C,t3,2018Q3,0.07961603613777528
C,t3,2018Q4,-0.18076923076923077
C,t3,2019Q1,-0.07692307692307693
C,t3,2019Q2,-0.20963327859879585
C,t3,2019Q3,-0.004378762999452655
C,t3,2019Q4,0.11416361416361415
C,t3,2020Q1,0.17277167277167274
C,t3,2020Q2,0.2753357753357753
C,t3,2020Q3,0.12957264957264958
C,t3,2020Q4,0.1576923076923077
C,t3,2021Q1,-0.05914529914529914
C,t3,2021Q2,0.011282051282051281
C,t3,2021Q3,0.08444444444444445
C,t3,2021Q4,0.107008547008547
C,t3,2022Q1,0.19247863247863245
C,t3,2022Q2,-0.21094017094017092
C,t3,2022Q3,-0.3264957264957265
C,t3,2022Q4,-0.2087912087912088
Cw,t1_h4,2015Q1,0.23753501400560226
Cw,t1_h4,2015Q2,0.2081232492997199
Cw,t1_h4,2015Q3,0.14560733384262795
Cw,t1_h4,2015Q4,0.20763941940412528
Cw,t1_h4,2016Q1,0.2455645161290323
Cw,t1_h4,2016Q2,0.3778225806451614
Cw,t1_h4,2016Q3,0.313782991202346
Cw,t1_h4,2016Q4,0.18401759530791786
Cw,t1_h4,2017Q1,-0.021627565982404687
Cw,t1_h4,2017Q2,-0.12370005473453749
Cw,t1_h4,2017Q3,0.10977443609022557
Cw,t1_h4,2017Q4,0.6346749226006192
Cw,t1_h4,2018Q1,0.2912087912087912
Cw,t1_h4,2018Q2,-0.06785714285714285
Cw,t1_h4,2018Q3,-0.11123658949745907
Cw,t1_h4,2018Q4,-0.1276923076923077
Cw,t1_h4,2019Q1,-0.3229548229548229
Cw,t1_h4,2019Q2,0.08210180623973727
Cw,t1_h4,2019Q3,-0.04707170224411604
Cw,t1_h4,2019Q4,-0.11172161172161171
Cw,t1_h4,2020Q1,-0.12759462759462756
Cw,t1_h4,2020Q2,-0.25335775335775335
Cw,t1_h4,2020Q3,-0.308034188034188
Cw,t1_h4,2020Q4,0.04538461538461538
Cw,t1_h4,2021Q1,0.045470085470085464
Cw,t1_h4,2021Q2,-0.23487179487179485
Cw,t1_h4,2021Q3,-0.28478632478632476
Cw,t1_h4,2021Q4,-0.3969230769230768
Cw,t1_h4,2022Q1,-0.3442735042735042
Cw,t1_h4,2022Q2,-0.39487179487179486
Cw,t1_h4,2022Q3,0.027692307692307693
Cw,t1_h4,2022Q4,-0.28083028083028083
Cw,t1_h8,2015Q1,0.09200879765395893
Cw,t1_h8,2015Q2,0.17778592375366567
Cw,t1_h8,2015Q3,0.2254398826979472
Cw,t1_h8,2015Q4,0.24933155080213906
Cw,t1_h8,2016Q1,0.16715542521994134
Cw,t1_h8,2016Q2,0.17908787541713014
Cw,t1_h8,2016Q3,0.12836484983314794
Cw,t1_h8,2016Q4,0.11813125695216908
Cw,t1_h8,2017Q1,0.3458128078817733
Cw,t1_h8,2017Q2,-0.13572649572649573
Cw,t1_h8,2017Q3,-0.23508771929824557
Cw,t1_h8,2017Q4,-0.3921568627450981
Cw,t1_h8,2018Q1,-0.19230769230769232
Cw,t1_h8,2018Q2,0.11071428571428568
Cw,t1_h8,2018Q3,0.05714285714285714
Cw,t1_h8,2018Q4,-0.08794466403162056
Cw,t1_h8,2019Q1,0.12957264957264958
Cw,t1_h8,2019Q2,-0.07509157509157507
Cw,t1_h8,2019Q3,-0.30735042735042734
Cw,t1_h8,2019Q4,-0.07538461538461538
Cw,t1_h8,2020Q1,-0.21846153846153843
Cw,t1_h8,2020Q2,-0.2869230769230769
Cw,t1_h8,2020Q3,-0.015384615384615384
Cw,t1_h8,2020Q4,-0.12347826086956522
Cw,t1_h8,2021Q1,-0.11726495726495725
Cw,t1_h8,2021Q2,-0.08512820512820513
Cw,t1_h8,2021Q3,0.2841025641025641
Cw,t1_h8,2021Q4,0.2588034188034188
Cw,t1_h8,2022Q1,0.33538461538461534
Cw,t1_h8,2022Q2,0.174017094017094
Cw,t1_h8,2022Q3,-0.18085470085470085
Cw,t1_h8,2022Q4,-0.2661782661782661
Cw,t2,2015Q1,0.7129629629629629
Cw,t2,2015Q2,0.7083333333333334
Cw,t2,2015Q3,0.6931216931216931
Cw,t2,2015Q4,0.6011904761904762
Cw,t2,2016Q1,0.6428571428571429
Cw,t2,2016Q2,0.7678571428571429
Cw,t2,2016Q3,0.6857142857142857
Cw,t2,2016Q4,0.7435897435897436
Cw,t2,2017Q1,0.5257142857142857
Cw,t2,2017Q2,0.36363636363636365
Cw,t2,2017Q3,0.5
Cw,t2,2017Q4,0.8222222222222222
Cw,t2,2018Q1,0.5454545454545454
Cw,t2,2018Q2,0.2777777777777778
Cw,t2,2018Q3,0.375
Cw,t2,2018Q4,0.5
Cw,t2,2019Q1,0.5
Cw,t2,2019Q2,0.5757575757575758
Cw,t2,2019Q3,0.46938775510204084
Cw,t2,2019Q4,0.36428571428571427
Cw,t2,2020Q1,0.38095238095238093
Cw,t2,2020Q2,0.20909090909090908
Cw,t2,2020Q3,0.2833333333333333
Cw,t2,2020Q4,0.5789473684210527
Cw,t2,2021Q1,0.65
Cw,t2,2021Q2,0.4583333333333333
Cw,t2,2021Q3,0.325
Cw,t2,2021Q4,0.24761904761904763
Cw,t2,2022Q1,0.24761904761904763
Cw,t2,2022Q2,0.4857142857142857
Cw,t2,2022Q3,0.580952380952381
Cw,t2,2022Q4,0.373015873015873
Cw,t3,2015Q1,-0.15602240896358546
Cw,t3,2015Q2,-0.44453781512605045
Cw,t3,2015Q3,-0.27028265851795263
Cw,t3,2015Q4,-0.1009931245225363
Cw,t3,2016Q1,-0.04717741935483871
Cw,t3,2016Q2,-0.24919354838709684
Cw,t3,2016Q3,-0.05461876832844574
Cw,t3,2016Q4,-0.004765395894428152
Cw,t3,2017Q1,-0.1389296187683284
Cw,t3,2017Q2,-0.0990695128626163
Cw,t3,2017Q3,-0.05263157894736842
Cw,t3,2017Q4,-0.034055727554179564
Cw,t3,2018Q1,-0.21978021978021978
Cw,t3,2018Q2,-0.5088235294117647
Cw,t3,2018Q3,-0.18690005646527386
Cw,t3,2018Q4,-0.2646153846153846
Cw,t3,2019Q1,0.16056166056166057
Cw,t3,2019Q2,0.29666119321291734
Cw,t3,2019Q3,0.3431855500821018
Cw,t3,2019Q4,0.37606837606837606
Cw,t3,2020Q1,0.18253968253968253
Cw,t3,2020Q2,-0.03724053724053724
Cw,t3,2020Q3,0.20888888888888887
Cw,t3,2020Q4,0.11846153846153845
Cw,t3,2021Q1,-0.1268376068376068
Cw,t3,2021Q2,-0.40239316239316236
Cw,t3,2021Q3,-0.2854700854700854
Cw,t3,2021Q4,-0.06324786324786325
Cw,t3,2022Q1,-0.08923076923076922
Cw,t3,2022Q2,0.02974358974358974
Cw,t3,2022Q3,0.2731623931623931
Cw,t3,2022Q4,0.07509157509157507
F0,t1_h4,2015Q1,
F0,t1_h4,2015Q2,0.08123249299719888
F0,t1_h4,2015Q3,0.16852559205500378
F0,t1_h4,2015Q4,0.03665689149560117
F0,t1_h4,2016Q1,-0.1907258064516129
F0,t1_h4,2016Q2,-0.07056451612903226
F0,t1_h4,2016Q3,0.09516129032258065
F0,t1_h4,2016Q4,-0.08325123152709359
F0,t1_h4,2017Q1,0.06607341490545049
F0,t1_h4,2017Q2,0.3418803418803419
F0,t1_h4,2017Q3,0.5333333333333333
F0,t1_h4,2017Q4,0.19117647058823528
F0,t1_h4,2018Q1,0.0879120879120879
F0,t1_h4,2018Q2,0.049999999999999996
F0,t1_h4,2018Q3,-0.015584415584415586
F0,t1_h4,2018Q4,-0.4026086956521739
F0,t1_h4,2019Q1,-0.006715506715506716
F0,t1_h4,2019Q2,0.0717022441160372
F0,t1_h4,2019Q3,0.007662835249042145
F0,t1_h4,2019Q4,0.09584859584859586
F0,t1_h4,2020Q1,-0.07753357753357752
F0,t1_h4,2020Q2,-0.15018315018315015
F0,t1_h4,2020Q3,-0.1979487179487179
F0,t1_h4,2020Q4,0.2792307692307692
F0,t1_h4,2021Q1,0.1835897435897436
F0,t1_h4,2021Q2,0.005128205128205127
F0,t1_h4,2021Q3,-0.2075213675213675
F0,t1_h4,2021Q4,-0.10837606837606836
F0,t1_h4,2022Q1,0.31897435897435894
F0,t1_h4,2022Q2,0.30735042735042734
F0,t1_h4,2022Q3,-0.059829059829059825
F0,t1_h4,2022Q4,-0.40170940170940167
F0,t1_h8,2015Q1,
F0,t1_h8,2015Q2,
F0,t1_h8,2015Q3,
F0,t1_h8,2015Q4,
F0,t1_h8,2016Q1,
F0,t1_h8,2016Q2,
F0,t1_h8,2016Q3,-0.567487684729064
F0,t1_h8,2016Q4,-0.37545787545787546
F0,t1_h8,2017Q1,0.20512820512820512
F0,t1_h8,2017Q2,0.06846153846153846
F0,t1_h8,2017Q3,0.1042311661506708
F0,t1_h8,2017Q4,-0.05714285714285713
F0,t1_h8,2018Q1,0.6483516483516483
F0,t1_h8,2018Q2,0.4428571428571427
F0,t1_h8,2018Q3,0.45614035087719296
F0,t1_h8,2018Q4,-0.07848673066064371
F0,t1_h8,2019Q1,-0.08444444444444445
F0,t1_h8,2019Q2,0.013431013431013432
F0,t1_h8,2019Q3,-0.059829059829059825
F0,t1_h8,2019Q4,-0.16461538461538464
F0,t1_h8,2020Q1,-0.15076923076923077
F0,t1_h8,2020Q2,0.33692307692307694
F0,t1_h8,2020Q3,0.036923076923076927
F0,t1_h8,2020Q4,0.2434782608695652
F0,t1_h8,2021Q1,0.16649572649572647
F0,t1_h8,2021Q2,0.17333333333333334
F0,t1_h8,2021Q3,0.06598290598290597
F0,t1_h8,2021Q4,0.14256410256410257
F0,t1_h8,2022Q1,0.008547008547008546
F0,t1_h8,2022Q2,0.13435897435897434
F0,t1_h8,2022Q3,0.08854700854700855
F0,t1_h8,2022Q4,0.0927960927960928
F0,t2,2015Q1,
F0,t2,2015Q2,0.6666666666666666
F0,t2,2015Q3,0.783068783068783
F0,t2,2015Q4,0.6410256410256411
F0,t2,2016Q1,0.36904761904761907
F0,t2,2016Q2,0.6011904761904762
F0,t2,2016Q3,0.49404761904761907
F0,t2,2016Q4,0.572463768115942
F0,t2,2017Q1,0.36645962732919257
F0,t2,2017Q2,0.626984126984127
F0,t2,2017Q3,0.9
F0,t2,2017Q4,0.6410256410256411
F0,t2,2018Q1,0.6818181818181818
F0,t2,2018Q2,0.6111111111111112
F0,t2,2018Q3,0.5111111111111111
F0,t2,2018Q4,0.3055555555555556
F0,t2,2019Q1,0.4523809523809524
F0,t2,2019Q2,0.5151515151515151
F0,t2,2019Q3,0.6530612244897959
F0,t2,2019Q4,0.7071428571428572
F0,t2,2020Q1,0.5873015873015873
F0,t2,2020Q2,0.6454545454545455
F0,t2,2020Q3,0.375
F0,t2,2020Q4,0.49122807017543857
F0,t2,2021Q1,0.6583333333333333
F0,t2,2021Q2,0.4
F0,t2,2021Q3,0.31666666666666665
F0,t2,2021Q4,0.3904761904761905
F0,t2,2022Q1,0.5904761904761905
F0,t2,2022Q2,0.780952380952381
F0,t2,2022Q3,0.5238095238095238
F0,t2,2022Q4,0.29365079365079366
F0,t3,2015Q1,
F0,t3,2015Q2,0.1829131652661065
F0,t3,2015Q3,-0.10221543162719632
F0,t3,2015Q4,0.11143695014662756
F0,t3,2016Q1,-0.1975806451612903
F0,t3,2016Q2,0.39919354838709686
F0,t3,2016Q3,0.36330645161290326
F0,t3,2016Q4,0.26108374384236444
F0,t3,2017Q1,0.4362625139043382
F0,t3,2017Q2,0.10744810744810745
F0,t3,2017Q3,0.0456140350877193
F0,t3,2017Q4,0.4911764705882353
F0,t3,2018Q1,0.2692307692307692
F0,t3,2018Q2,0.18235294117647058
F0,t3,2018Q3,-0.0987012987012987
F0,t3,2018Q4,0.06608695652173913
F0,t3,2019Q1,-0.040903540903540904
F0,t3,2019Q2,0.04871373836891078
F0,t3,2019Q3,-0.1647509578544061
F0,t3,2019Q4,0.2148962148962149
F0,t3,2020Q1,0.32905982905982906
F0,t3,2020Q2,0.3705738705738706
F0,t3,2020Q3,0.563076923076923
F0,t3,2020Q4,0.48461538461538467
F0,t3,2021Q1,0.4372649572649573
F0,t3,2021Q2,0.2711111111111111
F0,t3,2021Q3,-0.19726495726495727
F0,t3,2021Q4,-0.17743589743589744
F0,t3,2022Q1,-0.3941880341880341
F0,t3,2022Q2,-0.3326495726495726
F0,t3,2022Q3,0.011282051282051281
F0,t3,2022Q4,0.1581196581196581
F0+A,t1_h4,2015Q1,
F0+A,t1_h4,2015Q2,0.08487394957983195
F0+A,t1_h4,2015Q3,0.11963330786860198
F0+A,t1_h4,2015Q4,0.00219941348973607
F0+A,t1_h4,2016Q1,-0.1306451612903226
F0+A,t1_h4,2016Q2,0.016532258064516133
F0+A,t1_h4,2016Q3,0.10201612903225808
F0+A,t1_h4,2016Q4,-0.08620689655172412
F0+A,t1_h4,2017Q1,0.06874304783092325
F0+A,t1_h4,2017Q2,0.3418803418803419
F0+A,t1_h4,2017Q3,0.5070175438596491
F0+A,t1_h4,2017Q4,0.22647058823529412
F0+A,t1_h4,2018Q1,0.0879120879120879
F0+A,t1_h4,2018Q2,0.049999999999999996
F0+A,t1_h4,2018Q3,-0.05064935064935065
F0+A,t1_h4,2018Q4,-0.3173913043478261
F0+A,t1_h4,2019Q1,0.16117216117216115
F0+A,t1_h4,2019Q2,0.08319649698960044
F0+A,t1_h4,2019Q3,-0.07334428024083196
F0+A,t1_h4,2019Q4,-0.012210012210012208
F0+A,t1_h4,2020Q1,0.009768009768009768
F0+A,t1_h4,2020Q2,-0.09706959706959707
F0+A,t1_h4,2020Q3,-0.14735042735042733
F0+A,t1_h4,2020Q4,0.28769230769230764
F0+A,t1_h4,2021Q1,0.13094017094017094
F0+A,t1_h4,2021Q2,-0.04957264957264957
F0+A,t1_h4,2021Q3,-0.19726495726495727
F0+A,t1_h4,2021Q4,-0.12410256410256408
F0+A,t1_h4,2022Q1,0.26700854700854704
F0+A,t1_h4,2022Q2,0.2300854700854701
F0+A,t1_h4,2022Q3,-0.09128205128205127
F0+A,t1_h4,2022Q4,-0.38583638583638585
F0+A,t1_h8,2015Q1,
F0+A,t1_h8,2015Q2,
F0+A,t1_h8,2015Q3,
F0+A,t1_h8,2015Q4,
F0+A,t1_h8,2016Q1,
F0+A,t1_h8,2016Q2,
F0+A,t1_h8,2016Q3,-0.038423645320197035
F0+A,t1_h8,2016Q4,-0.0036630036630036626
F0+A,t1_h8,2017Q1,-0.12148962148962149
F0+A,t1_h8,2017Q2,0.061538461538461535
F0+A,t1_h8,2017Q3,0.2982456140350877
F0+A,t1_h8,2017Q4,-0.12857142857142856
F0+A,t1_h8,2018Q1,0.4450549450549451
F0+A,t1_h8,2018Q2,0.6285714285714286
F0+A,t1_h8,2018Q3,0.21403508771929824
F0+A,t1_h8,2018Q4,-0.1078486730660644
F0+A,t1_h8,2019Q1,-0.033846153846153845
F0+A,t1_h8,2019Q2,0.12148962148962149
F0+A,t1_h8,2019Q3,0.054358974358974355
F0+A,t1_h8,2019Q4,-0.03923076923076923
F0+A,t1_h8,2020Q1,-0.10692307692307691
F0+A,t1_h8,2020Q2,0.08307692307692309
F0+A,t1_h8,2020Q3,-0.06538461538461539
F0+A,t1_h8,2020Q4,0.06869565217391303
F0+A,t1_h8,2021Q1,0.20683760683760682
F0+A,t1_h8,2021Q2,0.27999999999999997
F0+A,t1_h8,2021Q3,0.027692307692307693
F0+A,t1_h8,2021Q4,0.15145299145299143
F0+A,t1_h8,2022Q1,0.012649572649572649
F0+A,t1_h8,2022Q2,0.14324786324786323
F0+A,t1_h8,2022Q3,0.11179487179487178
F0+A,t1_h8,2022Q4,0.21978021978021978
F0+A,t2,2015Q1,
F0+A,t2,2015Q2,0.6851851851851852
F0+A,t2,2015Q3,0.783068783068783
F0+A,t2,2015Q4,0.6858974358974359
F0+A,t2,2016Q1,0.44047619047619047
F0+A,t2,2016Q2,0.6369047619047619
F0+A,t2,2016Q3,0.5059523809523809
F0+A,t2,2016Q4,0.572463768115942
F0+A,t2,2017Q1,0.36645962732919257
F0+A,t2,2017Q2,0.626984126984127
F0+A,t2,2017Q3,0.8833333333333333
F0+A,t2,2017Q4,0.6410256410256411
F0+A,t2,2018Q1,0.6818181818181818
F0+A,t2,2018Q2,0.6111111111111112
F0+A,t2,2018Q3,0.5
F0+A,t2,2018Q4,0.35185185185185186
F0+A,t2,2019Q1,0.5634920634920635
F0+A,t2,2019Q2,0.5
F0+A,t2,2019Q3,0.5986394557823129
F0+A,t2,2019Q4,0.5928571428571429
F0+A,t2,2020Q1,0.6190476190476191
F0+A,t2,2020Q2,0.6454545454545455
F0+A,t2,2020Q3,0.35
F0+A,t2,2020Q4,0.5
F0+A,t2,2021Q1,0.6583333333333333
F0+A,t2,2021Q2,0.38333333333333336
F0+A,t2,2021Q3,0.4166666666666667
F0+A,t2,2021Q4,0.42857142857142855
F0+A,t2,2022Q1,0.5904761904761905
F0+A,t2,2022Q2,0.7142857142857143
F0+A,t2,2022Q3,0.4857142857142857
F0+A,t2,2022Q4,0.30158730158730157
F0+A,t3,2015Q1,
F0+A,t3,2015Q2,0.039495798319327736
F0+A,t3,2015Q3,-0.15385790679908326
F0+A,t3,2015Q4,0.12573313782991202
F0+A,t3,2016Q1,0.13790322580645165
F0+A,t3,2016Q2,0.3278225806451613
F0+A,t3,2016Q3,0.23508064516129035
F0+A,t3,2016Q4,0.2743842364532019
F0+A,t3,2017Q1,0.36952169076751945
F0+A,t3,2017Q2,0.03174603174603174
F0+A,t3,2017Q3,0.10175438596491228
F0+A,t3,2017Q4,0.5647058823529412
F0+A,t3,2018Q1,0.11538461538461539
F0+A,t3,2018Q2,0.19999999999999998
F0+A,t3,2018Q3,-0.08181818181818182
F0+A,t3,2018Q4,-0.008695652173913044
F0+A,t3,2019Q1,0.06288156288156288
F0+A,t3,2019Q2,0.09195402298850575
F0+A,t3,2019Q3,-0.03284072249589491
F0+A,t3,2019Q4,0.3345543345543345
F0+A,t3,2020Q1,0.23687423687423687
F0+A,t3,2020Q2,0.29120879120879123
F0+A,t3,2020Q3,0.5145299145299145
F0+A,t3,2020Q4,0.4907692307692308
F0+A,t3,2021Q1,0.5856410256410256
F0+A,t3,2021Q2,0.38051282051282054
F0+A,t3,2021Q3,-0.14256410256410257
F0+A,t3,2021Q4,-0.1788034188034188
F0+A,t3,2022Q1,-0.3989743589743589
F0+A,t3,2022Q2,-0.30529914529914526
F0+A,t3,2022Q3,0.03521367521367521
F0+A,t3,2022Q4,0.19413919413919414
F0+B,t1_h4,2015Q1,
F0+B,t1_h4,2015Q2,0.09523809523809525
F0+B,t1_h4,2015Q3,0.1865546218487395
F0+B,t1_h4,2015Q4,0.14699413489736068
F0+B,t1_h4,2016Q1,-0.04596774193548387
F0+B,t1_h4,2016Q2,0.09354838709677421
F0+B,t1_h4,2016Q3,0.20927419354838714
F0+B,t1_h4,2016Q4,0.0566502463054187
F0+B,t1_h4,2017Q1,0.08520578420467186
F0+B,t1_h4,2017Q2,0.23626373626373626
F0+B,t1_h4,2017Q3,0.6894736842105263
F0+B,t1_h4,2017Q4,0.4058823529411764
F0+B,t1_h4,2018Q1,0.005494505494505494
F0+B,t1_h4,2018Q2,-0.15714285714285714
F0+B,t1_h4,2018Q3,-0.16623376623376623
F0+B,t1_h4,2018Q4,-0.24434782608695652
F0+B,t1_h4,2019Q1,-0.3113553113553113
F0+B,t1_h4,2019Q2,0.047619047619047616
F0+B,t1_h4,2019Q3,0.042692939244663386
F0+B,t1_h4,2019Q4,0.02503052503052503
F0+B,t1_h4,2020Q1,0.10989010989010989
F0+B,t1_h4,2020Q2,-0.15873015873015872
F0+B,t1_h4,2020Q3,-0.32991452991452985
F0+B,t1_h4,2020Q4,0.12692307692307694
F0+B,t1_h4,2021Q1,0.0010256410256410254
F0+B,t1_h4,2021Q2,-0.15213675213675212
F0+B,t1_h4,2021Q3,-0.31965811965811963
F0+B,t1_h4,2021Q4,-0.32991452991452985
F0+B,t1_h4,2022Q1,-0.14871794871794874
F0+B,t1_h4,2022Q2,0.02358974358974359
F0+B,t1_h4,2022Q3,-0.15897435897435896
F0+B,t1_h4,2022Q4,-0.3540903540903541
F0+B,t1_h8,2015Q1,
F0+B,t1_h8,2015Q2,
F0+B,t1_h8,2015Q3,
F0+B,t1_h8,2015Q4,
F0+B,t1_h8,2016Q1,
F0+B,t1_h8,2016Q2,
F0+B,t1_h8,2016Q3,0.013300492610837433
F0+B,t1_h8,2016Q4,0.017704517704517704
F0+B,t1_h8,2017Q1,0.10561660561660562
F0+B,t1_h8,2017Q2,-0.2953846153846154
F0+B,t1_h8,2017Q3,-0.2260061919504644
F0+B,t1_h8,2017Q4,-0.2321428571428571
F0+B,t1_h8,2018Q1,0.0
F0+B,t1_h8,2018Q2,0.39999999999999997
F0+B,t1_h8,2018Q3,0.0894736842105263
F0+B,t1_h8,2018Q4,-0.13156408808582723
F0+B,t1_h8,2019Q1,0.018803418803418803
F0+B,t1_h8,2019Q2,0.03235653235653236
F0+B,t1_h8,2019Q3,-0.1938461538461538
F0+B,t1_h8,2019Q4,-0.12384615384615384
F0+B,t1_h8,2020Q1,-0.34307692307692306
F0+B,t1_h8,2020Q2,-0.04692307692307692
F0+B,t1_h8,2020Q3,-0.09538461538461537
F0+B,t1_h8,2020Q4,-0.11565217391304347
F0+B,t1_h8,2021Q1,-0.016752136752136753
F0+B,t1_h8,2021Q2,0.08854700854700855
F0+B,t1_h8,2021Q3,0.30529914529914526
F0+B,t1_h8,2021Q4,0.26700854700854704
F0+B,t1_h8,2022Q1,0.1692307692307692
F0+B,t1_h8,2022Q2,0.34017094017094013
F0+B,t1_h8,2022Q3,0.09948717948717947
F0+B,t1_h8,2022Q4,-0.03907203907203907
F0+B,t2,2015Q1,
F0+B,t2,2015Q2,0.7453703703703703
F0+B,t2,2015Q3,0.7936507936507936
F0+B,t2,2015Q4,0.6666666666666666
F0+B,t2,2016Q1,0.49404761904761907
F0+B,t2,2016Q2,0.6785714285714286
F0+B,t2,2016Q3,0.5892857142857143
F0+B,t2,2016Q4,0.6956521739130435
F0+B,t2,2017Q1,0.4658385093167702
F0+B,t2,2017Q2,0.6428571428571429
F0+B,t2,2017Q3,0.9666666666666667
F0+B,t2,2017Q4,0.8461538461538461
F0+B,t2,2018Q1,0.5909090909090909
F0+B,t2,2018Q2,0.4444444444444444
F0+B,t2,2018Q3,0.3888888888888889
F0+B,t2,2018Q4,0.3333333333333333
F0+B,t2,2019Q1,0.46825396825396826
F0+B,t2,2019Q2,0.49242424242424243
F0+B,t2,2019Q3,0.6054421768707483
F0+B,t2,2019Q4,0.55
F0+B,t2,2020Q1,0.6111111111111112
F0+B,t2,2020Q2,0.4909090909090909
F0+B,t2,2020Q3,0.38333333333333336
F0+B,t2,2020Q4,0.5175438596491229
F0+B,t2,2021Q1,0.625
F0+B,t2,2021Q2,0.4583333333333333
F0+B,t2,2021Q3,0.30833333333333335
F0+B,t2,2021Q4,0.26666666666666666
F0+B,t2,2022Q1,0.34285714285714286
F0+B,t2,2022Q2,0.7333333333333333
F0+B,t2,2022Q3,0.4857142857142857
F0+B,t2,2022Q4,0.35714285714285715
F0+B,t3,2015Q1,
F0+B,t3,2015Q2,0.012324929971988797
F0+B,t3,2015Q3,-0.2360580595874713
F0+B,t3,2015Q4,0.11766862170087976
F0+B,t3,2016Q1,-0.037096774193548385
F0+B,t3,2016Q2,0.12459677419354842
F0+B,t3,2016Q3,0.32459677419354843
F0+B,t3,2016Q4,0.26059113300492603
F0+B,t3,2017Q1,0.4651835372636262
F0+B,t3,2017Q2,0.09768009768009767
F0+B,t3,2017Q3,0.01754385964912281
F0+B,t3,2017Q4,0.4705882352941176
F0+B,t3,2018Q1,0.2802197802197803
F0+B,t3,2018Q2,0.07941176470588236
F0+B,t3,2018Q3,-0.11038961038961038
F0+B,t3,2018Q4,-0.005217391304347826
F0+B,t3,2019Q1,-0.02869352869352869
F0+B,t3,2019Q2,0.08155446086480568
F0+B,t3,2019Q3,-0.20306513409961688
F0+B,t3,2019Q4,0.1343101343101343
F0+B,t3,2020Q1,0.19352869352869354
F0+B,t3,2020Q2,0.28266178266178266
F0+B,t3,2020Q3,0.4536752136752136
F0+B,t3,2020Q4,0.4646153846153846
F0+B,t3,2021Q1,0.44136752136752133
F0+B,t3,2021Q2,0.23623931623931624
F0+B,t3,2021Q3,-0.19589743589743588
F0+B,t3,2021Q4,-0.1911111111111111
F0+B,t3,2022Q1,-0.4379487179487179
F0+B,t3,2022Q2,-0.3347008547008547
F0+B,t3,2022Q3,0.02358974358974359
F0+B,t3,2022Q4,0.1800976800976801
F0+A+B,t1_h4,2015Q1,
F0+A+B,t1_h4,2015Q2,0.0969187675070028
F0+A+B,t1_h4,2015Q3,0.10496562261268144
F0+A+B,t1_h4,2015Q4,0.13856304985337242
F0+A+B,t1_h4,2016Q1,-0.053225806451612914
F0+A+B,t1_h4,2016Q2,0.16814516129032261
F0+A+B,t1_h4,2016Q3,0.23508064516129035
F0+A+B,t1_h4,2016Q4,0.07044334975369455
F0+A+B,t1_h4,2017Q1,0.10122358175750834
F0+A+B,t1_h4,2017Q2,0.1343101343101343
F0+A+B,t1_h4,2017Q3,0.6719298245614035
F0+A+B,t1_h4,2017Q4,0.4176470588235294
F0+A+B,t1_h4,2018Q1,0.12087912087912088
F0+A+B,t1_h4,2018Q2,-0.15
F0+A+B,t1_h4,2018Q3,-0.16753246753246753
F0+A+B,t1_h4,2018Q4,-0.2582608695652174
F0+A+B,t1_h4,2019Q1,-0.2600732600732601
F0+A+B,t1_h4,2019Q2,0.09031198686371099
F0+A+B,t1_h4,2019Q3,0.07006020799124248
F0+A+B,t1_h4,2019Q4,0.038461538461538464
F0+A+B,t1_h4,2020Q1,0.15567765567765565
F0+A+B,t1_h4,2020Q2,-0.18437118437118435
F0+A+B,t1_h4,2020Q3,-0.30871794871794866
F0+A+B,t1_h4,2020Q4,0.1753846153846154
F0+A+B,t1_h4,2021Q1,-0.014017094017094016
F0+A+B,t1_h4,2021Q2,-0.16034188034188035
F0+A+B,t1_h4,2021Q3,-0.31965811965811963
F0+A+B,t1_h4,2021Q4,-0.3504273504273504
F0+A+B,t1_h4,2022Q1,-0.09538461538461539
F0+A+B,t1_h4,2022Q2,-0.03316239316239316
F0+A+B,t1_h4,2022Q3,-0.18495726495726494
F0+A+B,t1_h4,2022Q4,-0.3778998778998779
F0+A+B,t1_h8,2015Q1,
F0+A+B,t1_h8,2015Q2,
F0+A+B,t1_h8,2015Q3,
F0+A+B,t1_h8,2015Q4,
F0+A+B,t1_h8,2016Q1,
F0+A+B,t1_h8,2016Q2,
F0+A+B,t1_h8,2016Q3,-0.09261083743842362
F0+A+B,t1_h8,2016Q4,0.026251526251526252
F0+A+B,t1_h8,2017Q1,0.07997557997557997
F0+A+B,t1_h8,2017Q2,-0.30153846153846153
F0+A+B,t1_h8,2017Q3,-0.20743034055727552
F0+A+B,t1_h8,2017Q4,-0.23571428571428568
F0+A+B,t1_h8,2018Q1,0.03296703296703297
F0+A+B,t1_h8,2018Q2,0.38214285714285706
F0+A+B,t1_h8,2018Q3,0.012280701754385965
F0+A+B,t1_h8,2018Q4,-0.14285714285714288
F0+A+B,t1_h8,2019Q1,0.06940170940170941
F0+A+B,t1_h8,2019Q2,0.13247863247863248
F0+A+B,t1_h8,2019Q3,-0.037264957264957266
F0+A+B,t1_h8,2019Q4,0.02923076923076923
F0+A+B,t1_h8,2020Q1,-0.2053846153846154
F0+A+B,t1_h8,2020Q2,-0.05307692307692308
F0+A+B,t1_h8,2020Q3,-0.1392307692307692
F0+A+B,t1_h8,2020Q4,0.02434782608695652
F0+A+B,t1_h8,2021Q1,0.0776068376068376
F0+A+B,t1_h8,2021Q2,0.24854700854700856
F0+A+B,t1_h8,2021Q3,0.17675213675213672
F0+A+B,t1_h8,2021Q4,0.26427350427350427
F0+A+B,t1_h8,2022Q1,0.12547008547008545
F0+A+B,t1_h8,2022Q2,0.2786324786324786
F0+A+B,t1_h8,2022Q3,0.14940170940170938
F0+A+B,t1_h8,2022Q4,0.12576312576312576
F0+A+B,t2,2015Q1,
F0+A+B,t2,2015Q2,0.7407407407407407
F0+A+B,t2,2015Q3,0.7671957671957672
F0+A+B,t2,2015Q4,0.6858974358974359
F0+A+B,t2,2016Q1,0.5238095238095238
F0+A+B,t2,2016Q2,0.7023809523809523
F0+A+B,t2,2016Q3,0.5892857142857143
F0+A+B,t2,2016Q4,0.6956521739130435
F0+A+B,t2,2017Q1,0.45962732919254656
F0+A+B,t2,2017Q2,0.5952380952380952
F0+A+B,t2,2017Q3,0.95
F0+A+B,t2,2017Q4,0.7948717948717948
F0+A+B,t2,2018Q1,0.6363636363636364
F0+A+B,t2,2018Q2,0.4722222222222222
F0+A+B,t2,2018Q3,0.4
F0+A+B,t2,2018Q4,0.32407407407407407
F0+A+B,t2,2019Q1,0.46825396825396826
F0+A+B,t2,2019Q2,0.5227272727272727
F0+A+B,t2,2019Q3,0.6054421768707483
F0+A+B,t2,2019Q4,0.5642857142857143
F0+A+B,t2,2020Q1,0.6587301587301587
F0+A+B,t2,2020Q2,0.4818181818181818
F0+A+B,t2,2020Q3,0.36666666666666664
F0+A+B,t2,2020Q4,0.543859649122807
F0+A+B,t2,2021Q1,0.6166666666666667
F0+A+B,t2,2021Q2,0.45
F0+A+B,t2,2021Q3,0.3333333333333333
F0+A+B,t2,2021Q4,0.2571428571428571
F0+A+B,t2,2022Q1,0.37142857142857144
F0+A+B,t2,2022Q2,0.7047619047619048
F0+A+B,t2,2022Q3,0.47619047619047616
F0+A+B,t2,2022Q4,0.36507936507936506
F0+A+B,t3,2015Q1,
F0+A+B,t3,2015Q2,0.021288515406162466
F0+A+B,t3,2015Q3,-0.17097020626432388
F0+A+B,t3,2015Q4,0.12756598240469205
F0+A+B,t3,2016Q1,0.09596774193548388
F0+A+B,t3,2016Q2,0.3145161290322581
F0+A+B,t3,2016Q3,0.22983870967741934
F0+A+B,t3,2016Q4,0.2748768472906403
F0+A+B,t3,2017Q1,0.32458286985539486
F0+A+B,t3,2017Q2,0.01465201465201465
F0+A+B,t3,2017Q3,0.11929824561403508
F0+A+B,t3,2017Q4,0.4617647058823529
F0+A+B,t3,2018Q1,0.14835164835164835
F0+A+B,t3,2018Q2,0.21764705882352942
F0+A+B,t3,2018Q3,-0.087012987012987
F0+A+B,t3,2018Q4,-0.008695652173913044
F0+A+B,t3,2019Q1,0.04822954822954823
F0+A+B,t3,2019Q2,0.07717569786535304
F0+A+B,t3,2019Q3,-0.12862616310892172
F0+A+B,t3,2019Q4,0.23687423687423687
F0+A+B,t3,2020Q1,0.07936507936507936
F0+A+B,t3,2020Q2,0.06227106227106227
F0+A+B,t3,2020Q3,0.41811965811965807
F0+A+B,t3,2020Q4,0.49
F0+A+B,t3,2021Q1,0.5726495726495726
F0+A+B,t3,2021Q2,0.3887179487179487
F0+A+B,t3,2021Q3,-0.1576068376068376
F0+A+B,t3,2021Q4,-0.18974358974358974
F0+A+B,t3,2022Q1,-0.39145299145299145
F0+A+B,t3,2022Q2,-0.2957264957264957
F0+A+B,t3,2022Q3,0.042735042735042736
F0+A+B,t3,2022Q4,0.20024420024420023
F0+Cw,t1_h4,2015Q1,
F0+Cw,t1_h4,2015Q2,0.1470588235294118
F0+Cw,t1_h4,2015Q3,0.16333078686019864
F0+Cw,t1_h4,2015Q4,0.10703812316715541
F0+Cw,t1_h4,2016Q1,0.002419354838709678
F0+Cw,t1_h4,2016Q2,0.09879032258064516
F0+Cw,t1_h4,2016Q3,0.2838709677419355
F0+Cw,t1_h4,2016Q4,0.11674876847290637
F0+Cw,t1_h4,2017Q1,0.07764182424916574
F0+Cw,t1_h4,2017Q2,0.1111111111111111
F0+Cw,t1_h4,2017Q3,0.4473684210526316
F0+Cw,t1_h4,2017Q4,0.6529411764705881
F0+Cw,t1_h4,2018Q1,0.0879120879120879
F0+Cw,t1_h4,2018Q2,-0.0964285714285714
F0+Cw,t1_h4,2018Q3,-0.1935064935064935
F0+Cw,t1_h4,2018Q4,-0.23826086956521736
F0+Cw,t1_h4,2019Q1,-0.3064713064713065
F0+Cw,t1_h4,2019Q2,0.1839080459770115
F0+Cw,t1_h4,2019Q3,-0.0016420361247947454
F0+Cw,t1_h4,2019Q4,-0.10195360195360195
F0+Cw,t1_h4,2020Q1,-0.16056166056166057
F0+Cw,t1_h4,2020Q2,-0.30219780219780223
F0+Cw,t1_h4,2020Q3,-0.3182905982905983
F0+Cw,t1_h4,2020Q4,0.20846153846153848
F0+Cw,t1_h4,2021Q1,0.11316239316239315
F0+Cw,t1_h4,2021Q2,-0.14119658119658116
F0+Cw,t1_h4,2021Q3,-0.22324786324786322
F0+Cw,t1_h4,2021Q4,-0.30666666666666664
F0+Cw,t1_h4,2022Q1,-0.02358974358974359
F0+Cw,t1_h4,2022Q2,-0.06324786324786325
F0+Cw,t1_h4,2022Q3,-0.02427350427350427
F0+Cw,t1_h4,2022Q4,-0.3864468864468864
F0+Cw,t1_h8,2015Q1,
F0+Cw,t1_h8,2015Q2,
F0+Cw,t1_h8,2015Q3,
F0+Cw,t1_h8,2015Q4,
F0+Cw,t1_h8,2016Q1,
F0+Cw,t1_h8,2016Q2,
F0+Cw,t1_h8,2016Q3,-0.0004926108374384235
F0+Cw,t1_h8,2016Q4,-0.01282051282051282
F0+Cw,t1_h8,2017Q1,0.30097680097680096
F0+Cw,t1_h8,2017Q2,-0.1992307692307692
F0+Cw,t1_h8,2017Q3,-0.22187822497420018
F0+Cw,t1_h8,2017Q4,-0.4392857142857142
F0+Cw,t1_h8,2018Q1,0.10989010989010989
F0+Cw,t1_h8,2018Q2,0.3714285714285714
F0+Cw,t1_h8,2018Q3,0.20526315789473687
F0+Cw,t1_h8,2018Q4,-0.17673630717108982
F0+Cw,t1_h8,2019Q1,0.06393162393162392
F0+Cw,t1_h8,2019Q2,-0.022588522588522588
F0+Cw,t1_h8,2019Q3,-0.3025641025641025
F0+Cw,t1_h8,2019Q4,-0.2030769230769231
F0+Cw,t1_h8,2020Q1,-0.2815384615384615
F0+Cw,t1_h8,2020Q2,0.02846153846153846
F0+Cw,t1_h8,2020Q3,-0.04769230769230769
F0+Cw,t1_h8,2020Q4,-0.01826086956521739
F0+Cw,t1_h8,2021Q1,0.017435897435897435
F0+Cw,t1_h8,2021Q2,0.07418803418803417
F0+Cw,t1_h8,2021Q3,0.24649572649572649
F0+Cw,t1_h8,2021Q4,0.2793162393162393
F0+Cw,t1_h8,2022Q1,0.1904273504273504
F0+Cw,t1_h8,2022Q2,0.32307692307692304
F0+Cw,t1_h8,2022Q3,-0.0441025641025641
F0+Cw,t1_h8,2022Q4,-0.03907203907203907
F0+Cw,t2,2015Q1,
F0+Cw,t2,2015Q2,0.7175925925925926
F0+Cw,t2,2015Q3,0.7407407407407407
F0+Cw,t2,2015Q4,0.6153846153846154
F0+Cw,t2,2016Q1,0.4880952380952381
F0+Cw,t2,2016Q2,0.6845238095238095
F0+Cw,t2,2016Q3,0.6011904761904762
F0+Cw,t2,2016Q4,0.7246376811594203
F0+Cw,t2,2017Q1,0.4720496894409938
F0+Cw,t2,2017Q2,0.4444444444444444
F0+Cw,t2,2017Q3,0.7833333333333333
F0+Cw,t2,2017Q4,0.8461538461538461
F0+Cw,t2,2018Q1,0.5454545454545454
F0+Cw,t2,2018Q2,0.4444444444444444
F0+Cw,t2,2018Q3,0.32222222222222224
F0+Cw,t2,2018Q4,0.4444444444444444
F0+Cw,t2,2019Q1,0.49206349206349204
F0+Cw,t2,2019Q2,0.6363636363636364
F0+Cw,t2,2019Q3,0.5850340136054422
F0+Cw,t2,2019Q4,0.4785714285714286
F0+Cw,t2,2020Q1,0.4444444444444444
F0+Cw,t2,2020Q2,0.35454545454545455
F0+Cw,t2,2020Q3,0.2833333333333333
F0+Cw,t2,2020Q4,0.543859649122807
F0+Cw,t2,2021Q1,0.65
F0+Cw,t2,2021Q2,0.43333333333333335
F0+Cw,t2,2021Q3,0.325
F0+Cw,t2,2021Q4,0.29523809523809524
F0+Cw,t2,2022Q1,0.3904761904761905
F0+Cw,t2,2022Q2,0.6761904761904762
F0+Cw,t2,2022Q3,0.5904761904761905
F0+Cw,t2,2022Q4,0.29365079365079366
F0+Cw,t3,2015Q1,
F0+Cw,t3,2015Q2,0.16358543417366947
F0+Cw,t3,2015Q3,-0.13032849503437738
F0+Cw,t3,2015Q4,0.11546920821114366
F0+Cw,t3,2016Q1,-0.1548387096774194
F0+Cw,t3,2016Q2,0.41975806451612907
F0+Cw,t3,2016Q3,0.27298387096774196
F0+Cw,t3,2016Q4,0.2177339901477832
F0+Cw,t3,2017Q1,0.41401557285873186
F0+Cw,t3,2017Q2,0.22527472527472528
F0+Cw,t3,2017Q3,0.07719298245614034
F0+Cw,t3,2017Q4,0.4176470588235294
F0+Cw,t3,2018Q1,0.21978021978021978
F0+Cw,t3,2018Q2,0.34411764705882353
F0+Cw,t3,2018Q3,0.0
F0+Cw,t3,2018Q4,0.08782608695652173
F0+Cw,t3,2019Q1,-0.045787545787545784
F0+Cw,t3,2019Q2,-0.0016420361247947454
F0+Cw,t3,2019Q3,-0.18719211822660098
F0+Cw,t3,2019Q4,-0.006715506715506716
F0+Cw,t3,2020Q1,0.1623931623931624
F0+Cw,t3,2020Q2,0.278998778998779
F0+Cw,t3,2020Q3,0.42495726495726494
F0+Cw,t3,2020Q4,0.3869230769230769
F0+Cw,t3,2021Q1,0.4215384615384615
F0+Cw,t3,2021Q2,0.31008547008547005
F0+Cw,t3,2021Q3,-0.1692307692307692
F0+Cw,t3,2021Q4,-0.1822222222222222
F0+Cw,t3,2022Q1,-0.3941880341880341
F0+Cw,t3,2022Q2,-0.3435897435897436
F0+Cw,t3,2022Q3,-0.009914529914529914
F0+Cw,t3,2022Q4,0.14835164835164835
DF,t1_h4,2015Q1,
DF,t1_h4,2015Q2,0.17927170868347342
DF,t1_h4,2015Q3,0.09946524064171122
DF,t1_h4,2015Q4,0.187316715542522
DF,t1_h4,2016Q1,0.04233870967741936
DF,t1_h4,2016Q2,0.3685483870967742
DF,t1_h4,2016Q3,0.342741935483871
DF,t1_h4,2016Q4,0.026600985221674867
DF,t1_h4,2017Q1,-0.19154616240266964
DF,t1_h4,2017Q2,-0.2686202686202686
DF,t1_h4,2017Q3,0.13859649122807016
DF,t1_h4,2017Q4,0.31176470588235294
DF,t1_h4,2018Q1,0.3516483516483516
DF,t1_h4,2018Q2,-0.07142857142857141
DF,t1_h4,2018Q3,-0.051948051948051945
DF,t1_h4,2018Q4,0.003478260869565217
DF,t1_h4,2019Q1,-0.2881562881562881
DF,t1_h4,2019Q2,0.05911330049261084
DF,t1_h4,2019Q3,0.11001642036124794
DF,t1_h4,2019Q4,0.1105006105006105
DF,t1_h4,2020Q1,0.19352869352869354
DF,t1_h4,2020Q2,-0.22405372405372403
DF,t1_h4,2020Q3,-0.24444444444444444
DF,t1_h4,2020Q4,-0.10076923076923076
DF,t1_h4,2021Q1,0.015384615384615384
DF,t1_h4,2021Q2,-0.037264957264957266
DF,t1_h4,2021Q3,-0.19863247863247863
DF,t1_h4,2021Q4,-0.3176068376068376
DF,t1_h4,2022Q1,-0.28888888888888886
DF,t1_h4,2022Q2,-0.23487179487179485
DF,t1_h4,2022Q3,-0.3094017094017094
DF,t1_h4,2022Q4,-0.25457875457875456
DF,t2,2015Q1,
DF,t2,2015Q2,0.7129629629629629
DF,t2,2015Q3,0.7724867724867724
DF,t2,2015Q4,0.6987179487179487
DF,t2,2016Q1,0.5892857142857143
DF,t2,2016Q2,0.7678571428571429
DF,t2,2016Q3,0.5892857142857143
DF,t2,2016Q4,0.6956521739130435
DF,t2,2017Q1,0.4472049689440994
DF,t2,2017Q2,0.4365079365079365
DF,t2,2017Q3,0.4666666666666667
DF,t2,2017Q4,0.6153846153846154
DF,t2,2018Q1,0.5
DF,t2,2018Q2,0.5
DF,t2,2018Q3,0.5
DF,t2,2018Q4,0.4351851851851852
DF,t2,2019Q1,0.46825396825396826
DF,t2,2019Q2,0.4393939393939394
DF,t2,2019Q3,0.5170068027210885
DF,t2,2019Q4,0.4928571428571429
DF,t2,2020Q1,0.5476190476190477
DF,t2,2020Q2,0.39090909090909093
DF,t2,2020Q3,0.43333333333333335
DF,t2,2020Q4,0.43859649122807015
DF,t2,2021Q1,0.5583333333333333
DF,t2,2021Q2,0.525
DF,t2,2021Q3,0.275
DF,t2,2021Q4,0.26666666666666666
DF,t2,2022Q1,0.3333333333333333
DF,t2,2022Q2,0.5142857142857142
DF,t2,2022Q3,0.38095238095238093
DF,t2,2022Q4,0.373015873015873
